,balanced,learning rate,adaptive learning,epochs,batch size,regularization,regularization parameter,accuracy
0,False,1.0,const,1.0,10.0,l1,1e-09,0.7976666666666666
1,False,1.0,const,10.0,10.0,l1,1e-09,0.7966666666666666
2,False,1.0,const,40.0,10.0,l1,1e-09,0.824
3,False,1.0,const,60.0,10.0,l1,1e-09,0.8173333333333334
4,False,1.0,const,1.0,40.0,l1,1e-09,0.8123333333333334
5,False,1.0,const,10.0,40.0,l1,1e-09,0.8146666666666667
6,False,1.0,const,40.0,40.0,l1,1e-09,0.797
7,False,1.0,const,60.0,40.0,l1,1e-09,0.8053333333333333
8,False,1.0,const,1.0,60.0,l1,1e-09,0.8073333333333333
9,False,1.0,const,10.0,60.0,l1,1e-09,0.8086666666666666
10,False,1.0,const,40.0,60.0,l1,1e-09,0.7983333333333333
11,False,1.0,const,60.0,60.0,l1,1e-09,0.808
12,False,1.0,const,1.0,80.0,l1,1e-09,0.799
13,False,1.0,const,10.0,80.0,l1,1e-09,0.8103333333333333
14,False,1.0,const,40.0,80.0,l1,1e-09,0.7996666666666666
15,False,1.0,const,60.0,80.0,l1,1e-09,0.809
16,False,1.0,decay,1.0,10.0,l1,1e-09,0.8186666666666667
17,False,1.0,decay,10.0,10.0,l1,1e-09,0.8093333333333333
18,False,1.0,decay,40.0,10.0,l1,1e-09,0.808
19,False,1.0,decay,60.0,10.0,l1,1e-09,0.811
20,False,1.0,decay,1.0,40.0,l1,1e-09,0.8123333333333334
21,False,1.0,decay,10.0,40.0,l1,1e-09,0.805
22,False,1.0,decay,40.0,40.0,l1,1e-09,0.8096666666666666
23,False,1.0,decay,60.0,40.0,l1,1e-09,0.8086666666666666
24,False,1.0,decay,1.0,60.0,l1,1e-09,0.8073333333333333
25,False,1.0,decay,10.0,60.0,l1,1e-09,0.8053333333333333
26,False,1.0,decay,40.0,60.0,l1,1e-09,0.81
27,False,1.0,decay,60.0,60.0,l1,1e-09,0.8086666666666666
28,False,1.0,decay,1.0,80.0,l1,1e-09,0.799
29,False,1.0,decay,10.0,80.0,l1,1e-09,0.8053333333333333
30,False,1.0,decay,40.0,80.0,l1,1e-09,0.8093333333333333
31,False,1.0,decay,60.0,80.0,l1,1e-09,0.8083333333333333
32,False,0.5,const,1.0,10.0,l1,1e-09,0.8243333333333334
33,False,0.5,const,10.0,10.0,l1,1e-09,0.815
34,False,0.5,const,40.0,10.0,l1,1e-09,0.7966666666666666
35,False,0.5,const,60.0,10.0,l1,1e-09,0.8046666666666666
36,False,0.5,const,1.0,40.0,l1,1e-09,0.805
37,False,0.5,const,10.0,40.0,l1,1e-09,0.8096666666666666
38,False,0.5,const,40.0,40.0,l1,1e-09,0.8
39,False,0.5,const,60.0,40.0,l1,1e-09,0.8076666666666666
40,False,0.5,const,1.0,60.0,l1,1e-09,0.805
41,False,0.5,const,10.0,60.0,l1,1e-09,0.8066666666666666
42,False,0.5,const,40.0,60.0,l1,1e-09,0.7996666666666666
43,False,0.5,const,60.0,60.0,l1,1e-09,0.808
44,False,0.5,const,1.0,80.0,l1,1e-09,0.8013333333333333
45,False,0.5,const,10.0,80.0,l1,1e-09,0.8073333333333333
46,False,0.5,const,40.0,80.0,l1,1e-09,0.802
47,False,0.5,const,60.0,80.0,l1,1e-09,0.808
48,False,0.5,decay,1.0,10.0,l1,1e-09,0.8243333333333334
49,False,0.5,decay,10.0,10.0,l1,1e-09,0.8086666666666666
50,False,0.5,decay,40.0,10.0,l1,1e-09,0.8076666666666666
51,False,0.5,decay,60.0,10.0,l1,1e-09,0.811
52,False,0.5,decay,1.0,40.0,l1,1e-09,0.805
53,False,0.5,decay,10.0,40.0,l1,1e-09,0.805
54,False,0.5,decay,40.0,40.0,l1,1e-09,0.8096666666666666
55,False,0.5,decay,60.0,40.0,l1,1e-09,0.809
56,False,0.5,decay,1.0,60.0,l1,1e-09,0.805
57,False,0.5,decay,10.0,60.0,l1,1e-09,0.805
58,False,0.5,decay,40.0,60.0,l1,1e-09,0.809
59,False,0.5,decay,60.0,60.0,l1,1e-09,0.8086666666666666
60,False,0.5,decay,1.0,80.0,l1,1e-09,0.8013333333333333
61,False,0.5,decay,10.0,80.0,l1,1e-09,0.8043333333333333
62,False,0.5,decay,40.0,80.0,l1,1e-09,0.8093333333333333
63,False,0.5,decay,60.0,80.0,l1,1e-09,0.8086666666666666
64,False,0.1,const,1.0,10.0,l1,1e-09,0.8056666666666666
65,False,0.1,const,10.0,10.0,l1,1e-09,0.8093333333333333
66,False,0.1,const,40.0,10.0,l1,1e-09,0.801
67,False,0.1,const,60.0,10.0,l1,1e-09,0.81
68,False,0.1,const,1.0,40.0,l1,1e-09,0.7963333333333333
69,False,0.1,const,10.0,40.0,l1,1e-09,0.804
70,False,0.1,const,40.0,40.0,l1,1e-09,0.8076666666666666
71,False,0.1,const,60.0,40.0,l1,1e-09,0.8086666666666666
72,False,0.1,const,1.0,60.0,l1,1e-09,0.7956666666666666
73,False,0.1,const,10.0,60.0,l1,1e-09,0.803
74,False,0.1,const,40.0,60.0,l1,1e-09,0.8073333333333333
75,False,0.1,const,60.0,60.0,l1,1e-09,0.809
76,False,0.1,const,1.0,80.0,l1,1e-09,0.7953333333333333
77,False,0.1,const,10.0,80.0,l1,1e-09,0.802
78,False,0.1,const,40.0,80.0,l1,1e-09,0.8076666666666666
79,False,0.1,const,60.0,80.0,l1,1e-09,0.8086666666666666
80,False,0.1,decay,1.0,10.0,l1,1e-09,0.8056666666666666
81,False,0.1,decay,10.0,10.0,l1,1e-09,0.8073333333333333
82,False,0.1,decay,40.0,10.0,l1,1e-09,0.8086666666666666
83,False,0.1,decay,60.0,10.0,l1,1e-09,0.8106666666666666
84,False,0.1,decay,1.0,40.0,l1,1e-09,0.7963333333333333
85,False,0.1,decay,10.0,40.0,l1,1e-09,0.8046666666666666
86,False,0.1,decay,40.0,40.0,l1,1e-09,0.8096666666666666
87,False,0.1,decay,60.0,40.0,l1,1e-09,0.8086666666666666
88,False,0.1,decay,1.0,60.0,l1,1e-09,0.7956666666666666
89,False,0.1,decay,10.0,60.0,l1,1e-09,0.803
90,False,0.1,decay,40.0,60.0,l1,1e-09,0.808
91,False,0.1,decay,60.0,60.0,l1,1e-09,0.808
92,False,0.1,decay,1.0,80.0,l1,1e-09,0.7953333333333333
93,False,0.1,decay,10.0,80.0,l1,1e-09,0.803
94,False,0.1,decay,40.0,80.0,l1,1e-09,0.808
95,False,0.1,decay,60.0,80.0,l1,1e-09,0.8073333333333333
96,False,0.01,const,1.0,10.0,l1,1e-09,0.7953333333333333
97,False,0.01,const,10.0,10.0,l1,1e-09,0.8036666666666666
98,False,0.01,const,40.0,10.0,l1,1e-09,0.809
99,False,0.01,const,60.0,10.0,l1,1e-09,0.8106666666666666
100,False,0.01,const,1.0,40.0,l1,1e-09,0.795
101,False,0.01,const,10.0,40.0,l1,1e-09,0.7966666666666666
102,False,0.01,const,40.0,40.0,l1,1e-09,0.8056666666666666
103,False,0.01,const,60.0,40.0,l1,1e-09,0.8066666666666666
104,False,0.01,const,1.0,60.0,l1,1e-09,0.795
105,False,0.01,const,10.0,60.0,l1,1e-09,0.796
106,False,0.01,const,40.0,60.0,l1,1e-09,0.8036666666666666
107,False,0.01,const,60.0,60.0,l1,1e-09,0.8046666666666666
108,False,0.01,const,1.0,80.0,l1,1e-09,0.795
109,False,0.01,const,10.0,80.0,l1,1e-09,0.7953333333333333
110,False,0.01,const,40.0,80.0,l1,1e-09,0.8013333333333333
111,False,0.01,const,60.0,80.0,l1,1e-09,0.8036666666666666
112,False,0.01,decay,1.0,10.0,l1,1e-09,0.7953333333333333
113,False,0.01,decay,10.0,10.0,l1,1e-09,0.8033333333333333
114,False,0.01,decay,40.0,10.0,l1,1e-09,0.8093333333333333
115,False,0.01,decay,60.0,10.0,l1,1e-09,0.8096666666666666
116,False,0.01,decay,1.0,40.0,l1,1e-09,0.795
117,False,0.01,decay,10.0,40.0,l1,1e-09,0.7966666666666666
118,False,0.01,decay,40.0,40.0,l1,1e-09,0.805
119,False,0.01,decay,60.0,40.0,l1,1e-09,0.8063333333333333
120,False,0.01,decay,1.0,60.0,l1,1e-09,0.795
121,False,0.01,decay,10.0,60.0,l1,1e-09,0.7953333333333333
122,False,0.01,decay,40.0,60.0,l1,1e-09,0.8033333333333333
123,False,0.01,decay,60.0,60.0,l1,1e-09,0.8036666666666666
124,False,0.01,decay,1.0,80.0,l1,1e-09,0.795
125,False,0.01,decay,10.0,80.0,l1,1e-09,0.795
126,False,0.01,decay,40.0,80.0,l1,1e-09,0.8003333333333333
127,False,0.01,decay,60.0,80.0,l1,1e-09,0.8033333333333333
128,False,1.0,const,1.0,10.0,l1,1e-06,0.8186666666666667
129,False,1.0,const,10.0,10.0,l1,1e-06,0.8153333333333334
130,False,1.0,const,40.0,10.0,l1,1e-06,0.796
131,False,1.0,const,60.0,10.0,l1,1e-06,0.7993333333333333
132,False,1.0,const,1.0,40.0,l1,1e-06,0.8123333333333334
133,False,1.0,const,10.0,40.0,l1,1e-06,0.8146666666666667
134,False,1.0,const,40.0,40.0,l1,1e-06,0.797
135,False,1.0,const,60.0,40.0,l1,1e-06,0.8053333333333333
136,False,1.0,const,1.0,60.0,l1,1e-06,0.8073333333333333
137,False,1.0,const,10.0,60.0,l1,1e-06,0.8086666666666666
138,False,1.0,const,40.0,60.0,l1,1e-06,0.7983333333333333
139,False,1.0,const,60.0,60.0,l1,1e-06,0.808
140,False,1.0,const,1.0,80.0,l1,1e-06,0.799
141,False,1.0,const,10.0,80.0,l1,1e-06,0.8103333333333333
142,False,1.0,const,40.0,80.0,l1,1e-06,0.7996666666666666
143,False,1.0,const,60.0,80.0,l1,1e-06,0.809
144,False,1.0,decay,1.0,10.0,l1,1e-06,0.8186666666666667
145,False,1.0,decay,10.0,10.0,l1,1e-06,0.8093333333333333
146,False,1.0,decay,40.0,10.0,l1,1e-06,0.808
147,False,1.0,decay,60.0,10.0,l1,1e-06,0.811
148,False,1.0,decay,1.0,40.0,l1,1e-06,0.8123333333333334
149,False,1.0,decay,10.0,40.0,l1,1e-06,0.805
150,False,1.0,decay,40.0,40.0,l1,1e-06,0.8093333333333333
151,False,1.0,decay,60.0,40.0,l1,1e-06,0.8086666666666666
152,False,1.0,decay,1.0,60.0,l1,1e-06,0.8073333333333333
153,False,1.0,decay,10.0,60.0,l1,1e-06,0.8053333333333333
154,False,1.0,decay,40.0,60.0,l1,1e-06,0.81
155,False,1.0,decay,60.0,60.0,l1,1e-06,0.8086666666666666
156,False,1.0,decay,1.0,80.0,l1,1e-06,0.799
157,False,1.0,decay,10.0,80.0,l1,1e-06,0.8053333333333333
158,False,1.0,decay,40.0,80.0,l1,1e-06,0.8093333333333333
159,False,1.0,decay,60.0,80.0,l1,1e-06,0.8083333333333333
160,False,0.5,const,1.0,10.0,l1,1e-06,0.8243333333333334
161,False,0.5,const,10.0,10.0,l1,1e-06,0.815
162,False,0.5,const,40.0,10.0,l1,1e-06,0.7966666666666666
163,False,0.5,const,60.0,10.0,l1,1e-06,0.8046666666666666
164,False,0.5,const,1.0,40.0,l1,1e-06,0.805
165,False,0.5,const,10.0,40.0,l1,1e-06,0.8096666666666666
166,False,0.5,const,40.0,40.0,l1,1e-06,0.8
167,False,0.5,const,60.0,40.0,l1,1e-06,0.8076666666666666
168,False,0.5,const,1.0,60.0,l1,1e-06,0.805
169,False,0.5,const,10.0,60.0,l1,1e-06,0.8066666666666666
170,False,0.5,const,40.0,60.0,l1,1e-06,0.7996666666666666
171,False,0.5,const,60.0,60.0,l1,1e-06,0.808
172,False,0.5,const,1.0,80.0,l1,1e-06,0.8013333333333333
173,False,0.5,const,10.0,80.0,l1,1e-06,0.8073333333333333
174,False,0.5,const,40.0,80.0,l1,1e-06,0.802
175,False,0.5,const,60.0,80.0,l1,1e-06,0.808
176,False,0.5,decay,1.0,10.0,l1,1e-06,0.8243333333333334
177,False,0.5,decay,10.0,10.0,l1,1e-06,0.8086666666666666
178,False,0.5,decay,40.0,10.0,l1,1e-06,0.8076666666666666
179,False,0.5,decay,60.0,10.0,l1,1e-06,0.811
180,False,0.5,decay,1.0,40.0,l1,1e-06,0.805
181,False,0.5,decay,10.0,40.0,l1,1e-06,0.805
182,False,0.5,decay,40.0,40.0,l1,1e-06,0.8096666666666666
183,False,0.5,decay,60.0,40.0,l1,1e-06,0.809
184,False,0.5,decay,1.0,60.0,l1,1e-06,0.805
185,False,0.5,decay,10.0,60.0,l1,1e-06,0.805
186,False,0.5,decay,40.0,60.0,l1,1e-06,0.809
187,False,0.5,decay,60.0,60.0,l1,1e-06,0.8086666666666666
188,False,0.5,decay,1.0,80.0,l1,1e-06,0.8013333333333333
189,False,0.5,decay,10.0,80.0,l1,1e-06,0.8043333333333333
190,False,0.5,decay,40.0,80.0,l1,1e-06,0.8093333333333333
191,False,0.5,decay,60.0,80.0,l1,1e-06,0.8086666666666666
192,False,0.1,const,1.0,10.0,l1,1e-06,0.8056666666666666
193,False,0.1,const,10.0,10.0,l1,1e-06,0.8093333333333333
194,False,0.1,const,40.0,10.0,l1,1e-06,0.801
195,False,0.1,const,60.0,10.0,l1,1e-06,0.81
196,False,0.1,const,1.0,40.0,l1,1e-06,0.7963333333333333
197,False,0.1,const,10.0,40.0,l1,1e-06,0.8036666666666666
198,False,0.1,const,40.0,40.0,l1,1e-06,0.8076666666666666
199,False,0.1,const,60.0,40.0,l1,1e-06,0.8086666666666666
200,False,0.1,const,1.0,60.0,l1,1e-06,0.7956666666666666
201,False,0.1,const,10.0,60.0,l1,1e-06,0.803
202,False,0.1,const,40.0,60.0,l1,1e-06,0.8073333333333333
203,False,0.1,const,60.0,60.0,l1,1e-06,0.809
204,False,0.1,const,1.0,80.0,l1,1e-06,0.7953333333333333
205,False,0.1,const,10.0,80.0,l1,1e-06,0.802
206,False,0.1,const,40.0,80.0,l1,1e-06,0.8076666666666666
207,False,0.1,const,60.0,80.0,l1,1e-06,0.8086666666666666
208,False,0.1,decay,1.0,10.0,l1,1e-06,0.8056666666666666
209,False,0.1,decay,10.0,10.0,l1,1e-06,0.8073333333333333
210,False,0.1,decay,40.0,10.0,l1,1e-06,0.8086666666666666
211,False,0.1,decay,60.0,10.0,l1,1e-06,0.8106666666666666
212,False,0.1,decay,1.0,40.0,l1,1e-06,0.7963333333333333
213,False,0.1,decay,10.0,40.0,l1,1e-06,0.8046666666666666
214,False,0.1,decay,40.0,40.0,l1,1e-06,0.8096666666666666
215,False,0.1,decay,60.0,40.0,l1,1e-06,0.8086666666666666
216,False,0.1,decay,1.0,60.0,l1,1e-06,0.7956666666666666
217,False,0.1,decay,10.0,60.0,l1,1e-06,0.803
218,False,0.1,decay,40.0,60.0,l1,1e-06,0.808
219,False,0.1,decay,60.0,60.0,l1,1e-06,0.808
220,False,0.1,decay,1.0,80.0,l1,1e-06,0.7953333333333333
221,False,0.1,decay,10.0,80.0,l1,1e-06,0.803
222,False,0.1,decay,40.0,80.0,l1,1e-06,0.808
223,False,0.1,decay,60.0,80.0,l1,1e-06,0.8073333333333333
224,False,0.01,const,1.0,10.0,l1,1e-06,0.7953333333333333
225,False,0.01,const,10.0,10.0,l1,1e-06,0.8036666666666666
226,False,0.01,const,40.0,10.0,l1,1e-06,0.809
227,False,0.01,const,60.0,10.0,l1,1e-06,0.8106666666666666
228,False,0.01,const,1.0,40.0,l1,1e-06,0.795
229,False,0.01,const,10.0,40.0,l1,1e-06,0.7966666666666666
230,False,0.01,const,40.0,40.0,l1,1e-06,0.8056666666666666
231,False,0.01,const,60.0,40.0,l1,1e-06,0.8066666666666666
232,False,0.01,const,1.0,60.0,l1,1e-06,0.795
233,False,0.01,const,10.0,60.0,l1,1e-06,0.796
234,False,0.01,const,40.0,60.0,l1,1e-06,0.8036666666666666
235,False,0.01,const,60.0,60.0,l1,1e-06,0.8046666666666666
236,False,0.01,const,1.0,80.0,l1,1e-06,0.795
237,False,0.01,const,10.0,80.0,l1,1e-06,0.7953333333333333
238,False,0.01,const,40.0,80.0,l1,1e-06,0.8013333333333333
239,False,0.01,const,60.0,80.0,l1,1e-06,0.8036666666666666
240,False,0.01,decay,1.0,10.0,l1,1e-06,0.7953333333333333
241,False,0.01,decay,10.0,10.0,l1,1e-06,0.8036666666666666
242,False,0.01,decay,40.0,10.0,l1,1e-06,0.8093333333333333
243,False,0.01,decay,60.0,10.0,l1,1e-06,0.8096666666666666
244,False,0.01,decay,1.0,40.0,l1,1e-06,0.795
245,False,0.01,decay,10.0,40.0,l1,1e-06,0.7966666666666666
246,False,0.01,decay,40.0,40.0,l1,1e-06,0.805
247,False,0.01,decay,60.0,40.0,l1,1e-06,0.8063333333333333
248,False,0.01,decay,1.0,60.0,l1,1e-06,0.795
249,False,0.01,decay,10.0,60.0,l1,1e-06,0.7953333333333333
250,False,0.01,decay,40.0,60.0,l1,1e-06,0.8033333333333333
251,False,0.01,decay,60.0,60.0,l1,1e-06,0.8036666666666666
252,False,0.01,decay,1.0,80.0,l1,1e-06,0.795
253,False,0.01,decay,10.0,80.0,l1,1e-06,0.795
254,False,0.01,decay,40.0,80.0,l1,1e-06,0.8003333333333333
255,False,0.01,decay,60.0,80.0,l1,1e-06,0.8033333333333333
256,False,1.0,const,1.0,10.0,l1,0.001,0.811
257,False,1.0,const,10.0,10.0,l1,0.001,0.804
258,False,1.0,const,40.0,10.0,l1,0.001,0.7976666666666666
259,False,1.0,const,60.0,10.0,l1,0.001,0.7963333333333333
260,False,1.0,const,1.0,40.0,l1,0.001,0.8173333333333334
261,False,1.0,const,10.0,40.0,l1,0.001,0.8133333333333334
262,False,1.0,const,40.0,40.0,l1,0.001,0.798
263,False,1.0,const,60.0,40.0,l1,0.001,0.793
264,False,1.0,const,1.0,60.0,l1,0.001,0.814
265,False,1.0,const,10.0,60.0,l1,0.001,0.816
266,False,1.0,const,40.0,60.0,l1,0.001,0.8006666666666666
267,False,1.0,const,60.0,60.0,l1,0.001,0.8016666666666666
268,False,1.0,const,1.0,80.0,l1,0.001,0.8033333333333333
269,False,1.0,const,10.0,80.0,l1,0.001,0.8153333333333334
270,False,1.0,const,40.0,80.0,l1,0.001,0.8043333333333333
271,False,1.0,const,60.0,80.0,l1,0.001,0.8046666666666666
272,False,1.0,decay,1.0,10.0,l1,0.001,0.811
273,False,1.0,decay,10.0,10.0,l1,0.001,0.8156666666666667
274,False,1.0,decay,40.0,10.0,l1,0.001,0.809
275,False,1.0,decay,60.0,10.0,l1,0.001,0.813
276,False,1.0,decay,1.0,40.0,l1,0.001,0.8173333333333334
277,False,1.0,decay,10.0,40.0,l1,0.001,0.8096666666666666
278,False,1.0,decay,40.0,40.0,l1,0.001,0.8143333333333334
279,False,1.0,decay,60.0,40.0,l1,0.001,0.8143333333333334
280,False,1.0,decay,1.0,60.0,l1,0.001,0.814
281,False,1.0,decay,10.0,60.0,l1,0.001,0.8106666666666666
282,False,1.0,decay,40.0,60.0,l1,0.001,0.8143333333333334
283,False,1.0,decay,60.0,60.0,l1,0.001,0.814
284,False,1.0,decay,1.0,80.0,l1,0.001,0.8033333333333333
285,False,1.0,decay,10.0,80.0,l1,0.001,0.8103333333333333
286,False,1.0,decay,40.0,80.0,l1,0.001,0.816
287,False,1.0,decay,60.0,80.0,l1,0.001,0.815
288,False,0.5,const,1.0,10.0,l1,0.001,0.8233333333333334
289,False,0.5,const,10.0,10.0,l1,0.001,0.8203333333333334
290,False,0.5,const,40.0,10.0,l1,0.001,0.7936666666666666
291,False,0.5,const,60.0,10.0,l1,0.001,0.793
292,False,0.5,const,1.0,40.0,l1,0.001,0.8106666666666666
293,False,0.5,const,10.0,40.0,l1,0.001,0.8143333333333334
294,False,0.5,const,40.0,40.0,l1,0.001,0.801
295,False,0.5,const,60.0,40.0,l1,0.001,0.8036666666666666
296,False,0.5,const,1.0,60.0,l1,0.001,0.8103333333333333
297,False,0.5,const,10.0,60.0,l1,0.001,0.8106666666666666
298,False,0.5,const,40.0,60.0,l1,0.001,0.8036666666666666
299,False,0.5,const,60.0,60.0,l1,0.001,0.8093333333333333
300,False,0.5,const,1.0,80.0,l1,0.001,0.8053333333333333
301,False,0.5,const,10.0,80.0,l1,0.001,0.8113333333333334
302,False,0.5,const,40.0,80.0,l1,0.001,0.808
303,False,0.5,const,60.0,80.0,l1,0.001,0.8116666666666666
304,False,0.5,decay,1.0,10.0,l1,0.001,0.8233333333333334
305,False,0.5,decay,10.0,10.0,l1,0.001,0.815
306,False,0.5,decay,40.0,10.0,l1,0.001,0.8116666666666666
307,False,0.5,decay,60.0,10.0,l1,0.001,0.8143333333333334
308,False,0.5,decay,1.0,40.0,l1,0.001,0.8106666666666666
309,False,0.5,decay,10.0,40.0,l1,0.001,0.8103333333333333
310,False,0.5,decay,40.0,40.0,l1,0.001,0.814
311,False,0.5,decay,60.0,40.0,l1,0.001,0.8136666666666666
312,False,0.5,decay,1.0,60.0,l1,0.001,0.8103333333333333
313,False,0.5,decay,10.0,60.0,l1,0.001,0.8096666666666666
314,False,0.5,decay,40.0,60.0,l1,0.001,0.816
315,False,0.5,decay,60.0,60.0,l1,0.001,0.815
316,False,0.5,decay,1.0,80.0,l1,0.001,0.8053333333333333
317,False,0.5,decay,10.0,80.0,l1,0.001,0.8093333333333333
318,False,0.5,decay,40.0,80.0,l1,0.001,0.817
319,False,0.5,decay,60.0,80.0,l1,0.001,0.8153333333333334
320,False,0.1,const,1.0,10.0,l1,0.001,0.814
321,False,0.1,const,10.0,10.0,l1,0.001,0.813
322,False,0.1,const,40.0,10.0,l1,0.001,0.805
323,False,0.1,const,60.0,10.0,l1,0.001,0.8106666666666666
324,False,0.1,const,1.0,40.0,l1,0.001,0.7973333333333333
325,False,0.1,const,10.0,40.0,l1,0.001,0.8086666666666666
326,False,0.1,const,40.0,40.0,l1,0.001,0.8123333333333334
327,False,0.1,const,60.0,40.0,l1,0.001,0.8166666666666667
328,False,0.1,const,1.0,60.0,l1,0.001,0.7973333333333333
329,False,0.1,const,10.0,60.0,l1,0.001,0.8086666666666666
330,False,0.1,const,40.0,60.0,l1,0.001,0.8146666666666667
331,False,0.1,const,60.0,60.0,l1,0.001,0.8136666666666666
332,False,0.1,const,1.0,80.0,l1,0.001,0.7956666666666666
333,False,0.1,const,10.0,80.0,l1,0.001,0.8083333333333333
334,False,0.1,const,40.0,80.0,l1,0.001,0.8146666666666667
335,False,0.1,const,60.0,80.0,l1,0.001,0.8156666666666667
336,False,0.1,decay,1.0,10.0,l1,0.001,0.814
337,False,0.1,decay,10.0,10.0,l1,0.001,0.8123333333333334
338,False,0.1,decay,40.0,10.0,l1,0.001,0.814
339,False,0.1,decay,60.0,10.0,l1,0.001,0.8153333333333334
340,False,0.1,decay,1.0,40.0,l1,0.001,0.7973333333333333
341,False,0.1,decay,10.0,40.0,l1,0.001,0.8096666666666666
342,False,0.1,decay,40.0,40.0,l1,0.001,0.8163333333333334
343,False,0.1,decay,60.0,40.0,l1,0.001,0.8156666666666667
344,False,0.1,decay,1.0,60.0,l1,0.001,0.7973333333333333
345,False,0.1,decay,10.0,60.0,l1,0.001,0.8086666666666666
346,False,0.1,decay,40.0,60.0,l1,0.001,0.8163333333333334
347,False,0.1,decay,60.0,60.0,l1,0.001,0.8153333333333334
348,False,0.1,decay,1.0,80.0,l1,0.001,0.7956666666666666
349,False,0.1,decay,10.0,80.0,l1,0.001,0.8066666666666666
350,False,0.1,decay,40.0,80.0,l1,0.001,0.815
351,False,0.1,decay,60.0,80.0,l1,0.001,0.8146666666666667
352,False,0.01,const,1.0,10.0,l1,0.001,0.7953333333333333
353,False,0.01,const,10.0,10.0,l1,0.001,0.8086666666666666
354,False,0.01,const,40.0,10.0,l1,0.001,0.8166666666666667
355,False,0.01,const,60.0,10.0,l1,0.001,0.8176666666666667
356,False,0.01,const,1.0,40.0,l1,0.001,0.795
357,False,0.01,const,10.0,40.0,l1,0.001,0.798
358,False,0.01,const,40.0,40.0,l1,0.001,0.812
359,False,0.01,const,60.0,40.0,l1,0.001,0.813
360,False,0.01,const,1.0,60.0,l1,0.001,0.795
361,False,0.01,const,10.0,60.0,l1,0.001,0.7973333333333333
362,False,0.01,const,40.0,60.0,l1,0.001,0.8083333333333333
363,False,0.01,const,60.0,60.0,l1,0.001,0.8116666666666666
364,False,0.01,const,1.0,80.0,l1,0.001,0.795
365,False,0.01,const,10.0,80.0,l1,0.001,0.7956666666666666
366,False,0.01,const,40.0,80.0,l1,0.001,0.806
367,False,0.01,const,60.0,80.0,l1,0.001,0.8086666666666666
368,False,0.01,decay,1.0,10.0,l1,0.001,0.7953333333333333
369,False,0.01,decay,10.0,10.0,l1,0.001,0.8086666666666666
370,False,0.01,decay,40.0,10.0,l1,0.001,0.8176666666666667
371,False,0.01,decay,60.0,10.0,l1,0.001,0.8163333333333334
372,False,0.01,decay,1.0,40.0,l1,0.001,0.795
373,False,0.01,decay,10.0,40.0,l1,0.001,0.7966666666666666
374,False,0.01,decay,40.0,40.0,l1,0.001,0.811
375,False,0.01,decay,60.0,40.0,l1,0.001,0.813
376,False,0.01,decay,1.0,60.0,l1,0.001,0.795
377,False,0.01,decay,10.0,60.0,l1,0.001,0.7966666666666666
378,False,0.01,decay,40.0,60.0,l1,0.001,0.8066666666666666
379,False,0.01,decay,60.0,60.0,l1,0.001,0.8093333333333333
380,False,0.01,decay,1.0,80.0,l1,0.001,0.795
381,False,0.01,decay,10.0,80.0,l1,0.001,0.7956666666666666
382,False,0.01,decay,40.0,80.0,l1,0.001,0.8043333333333333
383,False,0.01,decay,60.0,80.0,l1,0.001,0.8066666666666666
384,False,1.0,const,1.0,10.0,l2,1e-09,0.8186666666666667
385,False,1.0,const,10.0,10.0,l2,1e-09,0.8153333333333334
386,False,1.0,const,40.0,10.0,l2,1e-09,0.796
387,False,1.0,const,60.0,10.0,l2,1e-09,0.7993333333333333
388,False,1.0,const,1.0,40.0,l2,1e-09,0.8123333333333334
389,False,1.0,const,10.0,40.0,l2,1e-09,0.8146666666666667
390,False,1.0,const,40.0,40.0,l2,1e-09,0.797
391,False,1.0,const,60.0,40.0,l2,1e-09,0.8053333333333333
392,False,1.0,const,1.0,60.0,l2,1e-09,0.8073333333333333
393,False,1.0,const,10.0,60.0,l2,1e-09,0.8086666666666666
394,False,1.0,const,40.0,60.0,l2,1e-09,0.7983333333333333
395,False,1.0,const,60.0,60.0,l2,1e-09,0.808
396,False,1.0,const,1.0,80.0,l2,1e-09,0.799
397,False,1.0,const,10.0,80.0,l2,1e-09,0.8103333333333333
398,False,1.0,const,40.0,80.0,l2,1e-09,0.7996666666666666
399,False,1.0,const,60.0,80.0,l2,1e-09,0.809
400,False,1.0,decay,1.0,10.0,l2,1e-09,0.8186666666666667
401,False,1.0,decay,10.0,10.0,l2,1e-09,0.8093333333333333
402,False,1.0,decay,40.0,10.0,l2,1e-09,0.808
403,False,1.0,decay,60.0,10.0,l2,1e-09,0.811
404,False,1.0,decay,1.0,40.0,l2,1e-09,0.8123333333333334
405,False,1.0,decay,10.0,40.0,l2,1e-09,0.805
406,False,1.0,decay,40.0,40.0,l2,1e-09,0.8096666666666666
407,False,1.0,decay,60.0,40.0,l2,1e-09,0.8086666666666666
408,False,1.0,decay,1.0,60.0,l2,1e-09,0.8073333333333333
409,False,1.0,decay,10.0,60.0,l2,1e-09,0.8053333333333333
410,False,1.0,decay,40.0,60.0,l2,1e-09,0.81
411,False,1.0,decay,60.0,60.0,l2,1e-09,0.8086666666666666
412,False,1.0,decay,1.0,80.0,l2,1e-09,0.799
413,False,1.0,decay,10.0,80.0,l2,1e-09,0.8053333333333333
414,False,1.0,decay,40.0,80.0,l2,1e-09,0.8093333333333333
415,False,1.0,decay,60.0,80.0,l2,1e-09,0.8083333333333333
416,False,0.5,const,1.0,10.0,l2,1e-09,0.8243333333333334
417,False,0.5,const,10.0,10.0,l2,1e-09,0.815
418,False,0.5,const,40.0,10.0,l2,1e-09,0.7966666666666666
419,False,0.5,const,60.0,10.0,l2,1e-09,0.8046666666666666
420,False,0.5,const,1.0,40.0,l2,1e-09,0.805
421,False,0.5,const,10.0,40.0,l2,1e-09,0.8096666666666666
422,False,0.5,const,40.0,40.0,l2,1e-09,0.8
423,False,0.5,const,60.0,40.0,l2,1e-09,0.8076666666666666
424,False,0.5,const,1.0,60.0,l2,1e-09,0.805
425,False,0.5,const,10.0,60.0,l2,1e-09,0.8066666666666666
426,False,0.5,const,40.0,60.0,l2,1e-09,0.7996666666666666
427,False,0.5,const,60.0,60.0,l2,1e-09,0.808
428,False,0.5,const,1.0,80.0,l2,1e-09,0.8013333333333333
429,False,0.5,const,10.0,80.0,l2,1e-09,0.8073333333333333
430,False,0.5,const,40.0,80.0,l2,1e-09,0.802
431,False,0.5,const,60.0,80.0,l2,1e-09,0.808
432,False,0.5,decay,1.0,10.0,l2,1e-09,0.8243333333333334
433,False,0.5,decay,10.0,10.0,l2,1e-09,0.8086666666666666
434,False,0.5,decay,40.0,10.0,l2,1e-09,0.8076666666666666
435,False,0.5,decay,60.0,10.0,l2,1e-09,0.811
436,False,0.5,decay,1.0,40.0,l2,1e-09,0.805
437,False,0.5,decay,10.0,40.0,l2,1e-09,0.805
438,False,0.5,decay,40.0,40.0,l2,1e-09,0.8096666666666666
439,False,0.5,decay,60.0,40.0,l2,1e-09,0.809
440,False,0.5,decay,1.0,60.0,l2,1e-09,0.805
441,False,0.5,decay,10.0,60.0,l2,1e-09,0.805
442,False,0.5,decay,40.0,60.0,l2,1e-09,0.809
443,False,0.5,decay,60.0,60.0,l2,1e-09,0.8086666666666666
444,False,0.5,decay,1.0,80.0,l2,1e-09,0.8013333333333333
445,False,0.5,decay,10.0,80.0,l2,1e-09,0.8043333333333333
446,False,0.5,decay,40.0,80.0,l2,1e-09,0.8093333333333333
447,False,0.5,decay,60.0,80.0,l2,1e-09,0.8086666666666666
448,False,0.1,const,1.0,10.0,l2,1e-09,0.8056666666666666
449,False,0.1,const,10.0,10.0,l2,1e-09,0.8093333333333333
450,False,0.1,const,40.0,10.0,l2,1e-09,0.801
451,False,0.1,const,60.0,10.0,l2,1e-09,0.81
452,False,0.1,const,1.0,40.0,l2,1e-09,0.7963333333333333
453,False,0.1,const,10.0,40.0,l2,1e-09,0.804
454,False,0.1,const,40.0,40.0,l2,1e-09,0.8076666666666666
455,False,0.1,const,60.0,40.0,l2,1e-09,0.8086666666666666
456,False,0.1,const,1.0,60.0,l2,1e-09,0.7956666666666666
457,False,0.1,const,10.0,60.0,l2,1e-09,0.803
458,False,0.1,const,40.0,60.0,l2,1e-09,0.8073333333333333
459,False,0.1,const,60.0,60.0,l2,1e-09,0.809
460,False,0.1,const,1.0,80.0,l2,1e-09,0.7953333333333333
461,False,0.1,const,10.0,80.0,l2,1e-09,0.802
462,False,0.1,const,40.0,80.0,l2,1e-09,0.8076666666666666
463,False,0.1,const,60.0,80.0,l2,1e-09,0.8086666666666666
464,False,0.1,decay,1.0,10.0,l2,1e-09,0.8056666666666666
465,False,0.1,decay,10.0,10.0,l2,1e-09,0.8073333333333333
466,False,0.1,decay,40.0,10.0,l2,1e-09,0.8086666666666666
467,False,0.1,decay,60.0,10.0,l2,1e-09,0.8106666666666666
468,False,0.1,decay,1.0,40.0,l2,1e-09,0.7963333333333333
469,False,0.1,decay,10.0,40.0,l2,1e-09,0.8046666666666666
470,False,0.1,decay,40.0,40.0,l2,1e-09,0.8096666666666666
471,False,0.1,decay,60.0,40.0,l2,1e-09,0.8086666666666666
472,False,0.1,decay,1.0,60.0,l2,1e-09,0.7956666666666666
473,False,0.1,decay,10.0,60.0,l2,1e-09,0.803
474,False,0.1,decay,40.0,60.0,l2,1e-09,0.808
475,False,0.1,decay,60.0,60.0,l2,1e-09,0.808
476,False,0.1,decay,1.0,80.0,l2,1e-09,0.7953333333333333
477,False,0.1,decay,10.0,80.0,l2,1e-09,0.803
478,False,0.1,decay,40.0,80.0,l2,1e-09,0.808
479,False,0.1,decay,60.0,80.0,l2,1e-09,0.8073333333333333
480,False,0.01,const,1.0,10.0,l2,1e-09,0.7953333333333333
481,False,0.01,const,10.0,10.0,l2,1e-09,0.8036666666666666
482,False,0.01,const,40.0,10.0,l2,1e-09,0.809
483,False,0.01,const,60.0,10.0,l2,1e-09,0.8106666666666666
484,False,0.01,const,1.0,40.0,l2,1e-09,0.795
485,False,0.01,const,10.0,40.0,l2,1e-09,0.7966666666666666
486,False,0.01,const,40.0,40.0,l2,1e-09,0.8056666666666666
487,False,0.01,const,60.0,40.0,l2,1e-09,0.8066666666666666
488,False,0.01,const,1.0,60.0,l2,1e-09,0.795
489,False,0.01,const,10.0,60.0,l2,1e-09,0.796
490,False,0.01,const,40.0,60.0,l2,1e-09,0.8036666666666666
491,False,0.01,const,60.0,60.0,l2,1e-09,0.8046666666666666
492,False,0.01,const,1.0,80.0,l2,1e-09,0.795
493,False,0.01,const,10.0,80.0,l2,1e-09,0.7953333333333333
494,False,0.01,const,40.0,80.0,l2,1e-09,0.8013333333333333
495,False,0.01,const,60.0,80.0,l2,1e-09,0.8036666666666666
496,False,0.01,decay,1.0,10.0,l2,1e-09,0.7953333333333333
497,False,0.01,decay,10.0,10.0,l2,1e-09,0.8033333333333333
498,False,0.01,decay,40.0,10.0,l2,1e-09,0.8093333333333333
499,False,0.01,decay,60.0,10.0,l2,1e-09,0.8096666666666666
500,False,0.01,decay,1.0,40.0,l2,1e-09,0.795
501,False,0.01,decay,10.0,40.0,l2,1e-09,0.7966666666666666
502,False,0.01,decay,40.0,40.0,l2,1e-09,0.805
503,False,0.01,decay,60.0,40.0,l2,1e-09,0.8063333333333333
504,False,0.01,decay,1.0,60.0,l2,1e-09,0.795
505,False,0.01,decay,10.0,60.0,l2,1e-09,0.7953333333333333
506,False,0.01,decay,40.0,60.0,l2,1e-09,0.8033333333333333
507,False,0.01,decay,60.0,60.0,l2,1e-09,0.8036666666666666
508,False,0.01,decay,1.0,80.0,l2,1e-09,0.795
509,False,0.01,decay,10.0,80.0,l2,1e-09,0.795
510,False,0.01,decay,40.0,80.0,l2,1e-09,0.8003333333333333
511,False,0.01,decay,60.0,80.0,l2,1e-09,0.8033333333333333
512,False,1.0,const,1.0,10.0,l2,1e-06,0.8186666666666667
513,False,1.0,const,10.0,10.0,l2,1e-06,0.8153333333333334
514,False,1.0,const,40.0,10.0,l2,1e-06,0.796
515,False,1.0,const,60.0,10.0,l2,1e-06,0.7993333333333333
516,False,1.0,const,1.0,40.0,l2,1e-06,0.8123333333333334
517,False,1.0,const,10.0,40.0,l2,1e-06,0.8146666666666667
518,False,1.0,const,40.0,40.0,l2,1e-06,0.797
519,False,1.0,const,60.0,40.0,l2,1e-06,0.8053333333333333
520,False,1.0,const,1.0,60.0,l2,1e-06,0.8073333333333333
521,False,1.0,const,10.0,60.0,l2,1e-06,0.8086666666666666
522,False,1.0,const,40.0,60.0,l2,1e-06,0.7983333333333333
523,False,1.0,const,60.0,60.0,l2,1e-06,0.808
524,False,1.0,const,1.0,80.0,l2,1e-06,0.799
525,False,1.0,const,10.0,80.0,l2,1e-06,0.8103333333333333
526,False,1.0,const,40.0,80.0,l2,1e-06,0.7996666666666666
527,False,1.0,const,60.0,80.0,l2,1e-06,0.809
528,False,1.0,decay,1.0,10.0,l2,1e-06,0.8186666666666667
529,False,1.0,decay,10.0,10.0,l2,1e-06,0.8093333333333333
530,False,1.0,decay,40.0,10.0,l2,1e-06,0.808
531,False,1.0,decay,60.0,10.0,l2,1e-06,0.811
532,False,1.0,decay,1.0,40.0,l2,1e-06,0.8123333333333334
533,False,1.0,decay,10.0,40.0,l2,1e-06,0.805
534,False,1.0,decay,40.0,40.0,l2,1e-06,0.8096666666666666
535,False,1.0,decay,60.0,40.0,l2,1e-06,0.8086666666666666
536,False,1.0,decay,1.0,60.0,l2,1e-06,0.8073333333333333
537,False,1.0,decay,10.0,60.0,l2,1e-06,0.8053333333333333
538,False,1.0,decay,40.0,60.0,l2,1e-06,0.81
539,False,1.0,decay,60.0,60.0,l2,1e-06,0.8086666666666666
540,False,1.0,decay,1.0,80.0,l2,1e-06,0.799
541,False,1.0,decay,10.0,80.0,l2,1e-06,0.8053333333333333
542,False,1.0,decay,40.0,80.0,l2,1e-06,0.8093333333333333
543,False,1.0,decay,60.0,80.0,l2,1e-06,0.8083333333333333
544,False,0.5,const,1.0,10.0,l2,1e-06,0.8243333333333334
545,False,0.5,const,10.0,10.0,l2,1e-06,0.815
546,False,0.5,const,40.0,10.0,l2,1e-06,0.7966666666666666
547,False,0.5,const,60.0,10.0,l2,1e-06,0.8046666666666666
548,False,0.5,const,1.0,40.0,l2,1e-06,0.805
549,False,0.5,const,10.0,40.0,l2,1e-06,0.8096666666666666
550,False,0.5,const,40.0,40.0,l2,1e-06,0.8
551,False,0.5,const,60.0,40.0,l2,1e-06,0.8076666666666666
552,False,0.5,const,1.0,60.0,l2,1e-06,0.805
553,False,0.5,const,10.0,60.0,l2,1e-06,0.8066666666666666
554,False,0.5,const,40.0,60.0,l2,1e-06,0.7996666666666666
555,False,0.5,const,60.0,60.0,l2,1e-06,0.808
556,False,0.5,const,1.0,80.0,l2,1e-06,0.8013333333333333
557,False,0.5,const,10.0,80.0,l2,1e-06,0.8073333333333333
558,False,0.5,const,40.0,80.0,l2,1e-06,0.802
559,False,0.5,const,60.0,80.0,l2,1e-06,0.808
560,False,0.5,decay,1.0,10.0,l2,1e-06,0.8243333333333334
561,False,0.5,decay,10.0,10.0,l2,1e-06,0.8086666666666666
562,False,0.5,decay,40.0,10.0,l2,1e-06,0.8076666666666666
563,False,0.5,decay,60.0,10.0,l2,1e-06,0.811
564,False,0.5,decay,1.0,40.0,l2,1e-06,0.805
565,False,0.5,decay,10.0,40.0,l2,1e-06,0.805
566,False,0.5,decay,40.0,40.0,l2,1e-06,0.8096666666666666
567,False,0.5,decay,60.0,40.0,l2,1e-06,0.809
568,False,0.5,decay,1.0,60.0,l2,1e-06,0.805
569,False,0.5,decay,10.0,60.0,l2,1e-06,0.805
570,False,0.5,decay,40.0,60.0,l2,1e-06,0.809
571,False,0.5,decay,60.0,60.0,l2,1e-06,0.8086666666666666
572,False,0.5,decay,1.0,80.0,l2,1e-06,0.8013333333333333
573,False,0.5,decay,10.0,80.0,l2,1e-06,0.8043333333333333
574,False,0.5,decay,40.0,80.0,l2,1e-06,0.8093333333333333
575,False,0.5,decay,60.0,80.0,l2,1e-06,0.8086666666666666
576,False,0.1,const,1.0,10.0,l2,1e-06,0.8056666666666666
577,False,0.1,const,10.0,10.0,l2,1e-06,0.8093333333333333
578,False,0.1,const,40.0,10.0,l2,1e-06,0.801
579,False,0.1,const,60.0,10.0,l2,1e-06,0.81
580,False,0.1,const,1.0,40.0,l2,1e-06,0.7963333333333333
581,False,0.1,const,10.0,40.0,l2,1e-06,0.8036666666666666
582,False,0.1,const,40.0,40.0,l2,1e-06,0.8076666666666666
583,False,0.1,const,60.0,40.0,l2,1e-06,0.8086666666666666
584,False,0.1,const,1.0,60.0,l2,1e-06,0.7956666666666666
585,False,0.1,const,10.0,60.0,l2,1e-06,0.803
586,False,0.1,const,40.0,60.0,l2,1e-06,0.8073333333333333
587,False,0.1,const,60.0,60.0,l2,1e-06,0.809
588,False,0.1,const,1.0,80.0,l2,1e-06,0.7953333333333333
589,False,0.1,const,10.0,80.0,l2,1e-06,0.802
590,False,0.1,const,40.0,80.0,l2,1e-06,0.8076666666666666
591,False,0.1,const,60.0,80.0,l2,1e-06,0.8086666666666666
592,False,0.1,decay,1.0,10.0,l2,1e-06,0.8056666666666666
593,False,0.1,decay,10.0,10.0,l2,1e-06,0.8073333333333333
594,False,0.1,decay,40.0,10.0,l2,1e-06,0.8086666666666666
595,False,0.1,decay,60.0,10.0,l2,1e-06,0.8106666666666666
596,False,0.1,decay,1.0,40.0,l2,1e-06,0.7963333333333333
597,False,0.1,decay,10.0,40.0,l2,1e-06,0.8046666666666666
598,False,0.1,decay,40.0,40.0,l2,1e-06,0.8096666666666666
599,False,0.1,decay,60.0,40.0,l2,1e-06,0.8086666666666666
600,False,0.1,decay,1.0,60.0,l2,1e-06,0.7956666666666666
601,False,0.1,decay,10.0,60.0,l2,1e-06,0.803
602,False,0.1,decay,40.0,60.0,l2,1e-06,0.808
603,False,0.1,decay,60.0,60.0,l2,1e-06,0.808
604,False,0.1,decay,1.0,80.0,l2,1e-06,0.7953333333333333
605,False,0.1,decay,10.0,80.0,l2,1e-06,0.803
606,False,0.1,decay,40.0,80.0,l2,1e-06,0.808
607,False,0.1,decay,60.0,80.0,l2,1e-06,0.8073333333333333
608,False,0.01,const,1.0,10.0,l2,1e-06,0.7953333333333333
609,False,0.01,const,10.0,10.0,l2,1e-06,0.8036666666666666
610,False,0.01,const,40.0,10.0,l2,1e-06,0.809
611,False,0.01,const,60.0,10.0,l2,1e-06,0.8106666666666666
612,False,0.01,const,1.0,40.0,l2,1e-06,0.795
613,False,0.01,const,10.0,40.0,l2,1e-06,0.7966666666666666
614,False,0.01,const,40.0,40.0,l2,1e-06,0.8056666666666666
615,False,0.01,const,60.0,40.0,l2,1e-06,0.8066666666666666
616,False,0.01,const,1.0,60.0,l2,1e-06,0.795
617,False,0.01,const,10.0,60.0,l2,1e-06,0.796
618,False,0.01,const,40.0,60.0,l2,1e-06,0.8036666666666666
619,False,0.01,const,60.0,60.0,l2,1e-06,0.8046666666666666
620,False,0.01,const,1.0,80.0,l2,1e-06,0.795
621,False,0.01,const,10.0,80.0,l2,1e-06,0.7953333333333333
622,False,0.01,const,40.0,80.0,l2,1e-06,0.8013333333333333
623,False,0.01,const,60.0,80.0,l2,1e-06,0.8036666666666666
624,False,0.01,decay,1.0,10.0,l2,1e-06,0.7953333333333333
625,False,0.01,decay,10.0,10.0,l2,1e-06,0.8036666666666666
626,False,0.01,decay,40.0,10.0,l2,1e-06,0.8093333333333333
627,False,0.01,decay,60.0,10.0,l2,1e-06,0.8096666666666666
628,False,0.01,decay,1.0,40.0,l2,1e-06,0.795
629,False,0.01,decay,10.0,40.0,l2,1e-06,0.7966666666666666
630,False,0.01,decay,40.0,40.0,l2,1e-06,0.805
631,False,0.01,decay,60.0,40.0,l2,1e-06,0.8063333333333333
632,False,0.01,decay,1.0,60.0,l2,1e-06,0.795
633,False,0.01,decay,10.0,60.0,l2,1e-06,0.7953333333333333
634,False,0.01,decay,40.0,60.0,l2,1e-06,0.8033333333333333
635,False,0.01,decay,60.0,60.0,l2,1e-06,0.8036666666666666
636,False,0.01,decay,1.0,80.0,l2,1e-06,0.795
637,False,0.01,decay,10.0,80.0,l2,1e-06,0.795
638,False,0.01,decay,40.0,80.0,l2,1e-06,0.8003333333333333
639,False,0.01,decay,60.0,80.0,l2,1e-06,0.8033333333333333
640,False,1.0,const,1.0,10.0,l2,0.001,0.8153333333333334
641,False,1.0,const,10.0,10.0,l2,0.001,0.8076666666666666
642,False,1.0,const,40.0,10.0,l2,0.001,0.7953333333333333
643,False,1.0,const,60.0,10.0,l2,0.001,0.8023333333333333
644,False,1.0,const,1.0,40.0,l2,0.001,0.8153333333333334
645,False,1.0,const,10.0,40.0,l2,0.001,0.8136666666666666
646,False,1.0,const,40.0,40.0,l2,0.001,0.797
647,False,1.0,const,60.0,40.0,l2,0.001,0.8023333333333333
648,False,1.0,const,1.0,60.0,l2,0.001,0.8116666666666666
649,False,1.0,const,10.0,60.0,l2,0.001,0.813
650,False,1.0,const,40.0,60.0,l2,0.001,0.7983333333333333
651,False,1.0,const,60.0,60.0,l2,0.001,0.8056666666666666
652,False,1.0,const,1.0,80.0,l2,0.001,0.8016666666666666
653,False,1.0,const,10.0,80.0,l2,0.001,0.817
654,False,1.0,const,40.0,80.0,l2,0.001,0.8016666666666666
655,False,1.0,const,60.0,80.0,l2,0.001,0.8056666666666666
656,False,1.0,decay,1.0,10.0,l2,0.001,0.8153333333333334
657,False,1.0,decay,10.0,10.0,l2,0.001,0.8153333333333334
658,False,1.0,decay,40.0,10.0,l2,0.001,0.8076666666666666
659,False,1.0,decay,60.0,10.0,l2,0.001,0.814
660,False,1.0,decay,1.0,40.0,l2,0.001,0.8153333333333334
661,False,1.0,decay,10.0,40.0,l2,0.001,0.8086666666666666
662,False,1.0,decay,40.0,40.0,l2,0.001,0.813
663,False,1.0,decay,60.0,40.0,l2,0.001,0.8146666666666667
664,False,1.0,decay,1.0,60.0,l2,0.001,0.8116666666666666
665,False,1.0,decay,10.0,60.0,l2,0.001,0.8086666666666666
666,False,1.0,decay,40.0,60.0,l2,0.001,0.812
667,False,1.0,decay,60.0,60.0,l2,0.001,0.812
668,False,1.0,decay,1.0,80.0,l2,0.001,0.8016666666666666
669,False,1.0,decay,10.0,80.0,l2,0.001,0.8086666666666666
670,False,1.0,decay,40.0,80.0,l2,0.001,0.8126666666666666
671,False,1.0,decay,60.0,80.0,l2,0.001,0.8113333333333334
672,False,0.5,const,1.0,10.0,l2,0.001,0.8256666666666667
673,False,0.5,const,10.0,10.0,l2,0.001,0.8113333333333334
674,False,0.5,const,40.0,10.0,l2,0.001,0.7953333333333333
675,False,0.5,const,60.0,10.0,l2,0.001,0.8046666666666666
676,False,0.5,const,1.0,40.0,l2,0.001,0.8093333333333333
677,False,0.5,const,10.0,40.0,l2,0.001,0.8143333333333334
678,False,0.5,const,40.0,40.0,l2,0.001,0.8003333333333333
679,False,0.5,const,60.0,40.0,l2,0.001,0.8066666666666666
680,False,0.5,const,1.0,60.0,l2,0.001,0.808
681,False,0.5,const,10.0,60.0,l2,0.001,0.8103333333333333
682,False,0.5,const,40.0,60.0,l2,0.001,0.8016666666666666
683,False,0.5,const,60.0,60.0,l2,0.001,0.8083333333333333
684,False,0.5,const,1.0,80.0,l2,0.001,0.805
685,False,0.5,const,10.0,80.0,l2,0.001,0.81
686,False,0.5,const,40.0,80.0,l2,0.001,0.805
687,False,0.5,const,60.0,80.0,l2,0.001,0.8083333333333333
688,False,0.5,decay,1.0,10.0,l2,0.001,0.8256666666666667
689,False,0.5,decay,10.0,10.0,l2,0.001,0.813
690,False,0.5,decay,40.0,10.0,l2,0.001,0.811
691,False,0.5,decay,60.0,10.0,l2,0.001,0.8153333333333334
692,False,0.5,decay,1.0,40.0,l2,0.001,0.8093333333333333
693,False,0.5,decay,10.0,40.0,l2,0.001,0.8086666666666666
694,False,0.5,decay,40.0,40.0,l2,0.001,0.812
695,False,0.5,decay,60.0,40.0,l2,0.001,0.8136666666666666
696,False,0.5,decay,1.0,60.0,l2,0.001,0.808
697,False,0.5,decay,10.0,60.0,l2,0.001,0.8083333333333333
698,False,0.5,decay,40.0,60.0,l2,0.001,0.8116666666666666
699,False,0.5,decay,60.0,60.0,l2,0.001,0.8113333333333334
700,False,0.5,decay,1.0,80.0,l2,0.001,0.805
701,False,0.5,decay,10.0,80.0,l2,0.001,0.808
702,False,0.5,decay,40.0,80.0,l2,0.001,0.8133333333333334
703,False,0.5,decay,60.0,80.0,l2,0.001,0.8123333333333334
704,False,0.1,const,1.0,10.0,l2,0.001,0.8116666666666666
705,False,0.1,const,10.0,10.0,l2,0.001,0.813
706,False,0.1,const,40.0,10.0,l2,0.001,0.803
707,False,0.1,const,60.0,10.0,l2,0.001,0.81
708,False,0.1,const,1.0,40.0,l2,0.001,0.797
709,False,0.1,const,10.0,40.0,l2,0.001,0.8076666666666666
710,False,0.1,const,40.0,40.0,l2,0.001,0.8116666666666666
711,False,0.1,const,60.0,40.0,l2,0.001,0.8133333333333334
712,False,0.1,const,1.0,60.0,l2,0.001,0.7963333333333333
713,False,0.1,const,10.0,60.0,l2,0.001,0.8073333333333333
714,False,0.1,const,40.0,60.0,l2,0.001,0.8123333333333334
715,False,0.1,const,60.0,60.0,l2,0.001,0.814
716,False,0.1,const,1.0,80.0,l2,0.001,0.7953333333333333
717,False,0.1,const,10.0,80.0,l2,0.001,0.8066666666666666
718,False,0.1,const,40.0,80.0,l2,0.001,0.8116666666666666
719,False,0.1,const,60.0,80.0,l2,0.001,0.8126666666666666
720,False,0.1,decay,1.0,10.0,l2,0.001,0.8116666666666666
721,False,0.1,decay,10.0,10.0,l2,0.001,0.811
722,False,0.1,decay,40.0,10.0,l2,0.001,0.8136666666666666
723,False,0.1,decay,60.0,10.0,l2,0.001,0.8136666666666666
724,False,0.1,decay,1.0,40.0,l2,0.001,0.797
725,False,0.1,decay,10.0,40.0,l2,0.001,0.808
726,False,0.1,decay,40.0,40.0,l2,0.001,0.8133333333333334
727,False,0.1,decay,60.0,40.0,l2,0.001,0.8123333333333334
728,False,0.1,decay,1.0,60.0,l2,0.001,0.7963333333333333
729,False,0.1,decay,10.0,60.0,l2,0.001,0.807
730,False,0.1,decay,40.0,60.0,l2,0.001,0.813
731,False,0.1,decay,60.0,60.0,l2,0.001,0.813
732,False,0.1,decay,1.0,80.0,l2,0.001,0.7953333333333333
733,False,0.1,decay,10.0,80.0,l2,0.001,0.8063333333333333
734,False,0.1,decay,40.0,80.0,l2,0.001,0.8126666666666666
735,False,0.1,decay,60.0,80.0,l2,0.001,0.813
736,False,0.01,const,1.0,10.0,l2,0.001,0.7953333333333333
737,False,0.01,const,10.0,10.0,l2,0.001,0.8073333333333333
738,False,0.01,const,40.0,10.0,l2,0.001,0.8133333333333334
739,False,0.01,const,60.0,10.0,l2,0.001,0.8126666666666666
740,False,0.01,const,1.0,40.0,l2,0.001,0.795
741,False,0.01,const,10.0,40.0,l2,0.001,0.7966666666666666
742,False,0.01,const,40.0,40.0,l2,0.001,0.8096666666666666
743,False,0.01,const,60.0,40.0,l2,0.001,0.811
744,False,0.01,const,1.0,60.0,l2,0.001,0.795
745,False,0.01,const,10.0,60.0,l2,0.001,0.7963333333333333
746,False,0.01,const,40.0,60.0,l2,0.001,0.8063333333333333
747,False,0.01,const,60.0,60.0,l2,0.001,0.809
748,False,0.01,const,1.0,80.0,l2,0.001,0.795
749,False,0.01,const,10.0,80.0,l2,0.001,0.7956666666666666
750,False,0.01,const,40.0,80.0,l2,0.001,0.8046666666666666
751,False,0.01,const,60.0,80.0,l2,0.001,0.8063333333333333
752,False,0.01,decay,1.0,10.0,l2,0.001,0.7953333333333333
753,False,0.01,decay,10.0,10.0,l2,0.001,0.8073333333333333
754,False,0.01,decay,40.0,10.0,l2,0.001,0.813
755,False,0.01,decay,60.0,10.0,l2,0.001,0.813
756,False,0.01,decay,1.0,40.0,l2,0.001,0.795
757,False,0.01,decay,10.0,40.0,l2,0.001,0.797
758,False,0.01,decay,40.0,40.0,l2,0.001,0.8083333333333333
759,False,0.01,decay,60.0,40.0,l2,0.001,0.8106666666666666
760,False,0.01,decay,1.0,60.0,l2,0.001,0.795
761,False,0.01,decay,10.0,60.0,l2,0.001,0.7963333333333333
762,False,0.01,decay,40.0,60.0,l2,0.001,0.806
763,False,0.01,decay,60.0,60.0,l2,0.001,0.806
764,False,0.01,decay,1.0,80.0,l2,0.001,0.795
765,False,0.01,decay,10.0,80.0,l2,0.001,0.7953333333333333
766,False,0.01,decay,40.0,80.0,l2,0.001,0.8036666666666666
767,False,0.01,decay,60.0,80.0,l2,0.001,0.8063333333333333
768,False,1.0,const,1.0,10.0,none,0.0,0.8186666666666667
769,False,1.0,const,10.0,10.0,none,0.0,0.8153333333333334
770,False,1.0,const,40.0,10.0,none,0.0,0.796
771,False,1.0,const,60.0,10.0,none,0.0,0.7993333333333333
772,False,1.0,const,1.0,40.0,none,0.0,0.8123333333333334
773,False,1.0,const,10.0,40.0,none,0.0,0.8146666666666667
774,False,1.0,const,40.0,40.0,none,0.0,0.797
775,False,1.0,const,60.0,40.0,none,0.0,0.8053333333333333
776,False,1.0,const,1.0,60.0,none,0.0,0.8073333333333333
777,False,1.0,const,10.0,60.0,none,0.0,0.8086666666666666
778,False,1.0,const,40.0,60.0,none,0.0,0.7983333333333333
779,False,1.0,const,60.0,60.0,none,0.0,0.808
780,False,1.0,const,1.0,80.0,none,0.0,0.799
781,False,1.0,const,10.0,80.0,none,0.0,0.8103333333333333
782,False,1.0,const,40.0,80.0,none,0.0,0.7996666666666666
783,False,1.0,const,60.0,80.0,none,0.0,0.809
784,False,1.0,decay,1.0,10.0,none,0.0,0.8186666666666667
785,False,1.0,decay,10.0,10.0,none,0.0,0.8093333333333333
786,False,1.0,decay,40.0,10.0,none,0.0,0.808
787,False,1.0,decay,60.0,10.0,none,0.0,0.811
788,False,1.0,decay,1.0,40.0,none,0.0,0.8123333333333334
789,False,1.0,decay,10.0,40.0,none,0.0,0.805
790,False,1.0,decay,40.0,40.0,none,0.0,0.8096666666666666
791,False,1.0,decay,60.0,40.0,none,0.0,0.8086666666666666
792,False,1.0,decay,1.0,60.0,none,0.0,0.8073333333333333
793,False,1.0,decay,10.0,60.0,none,0.0,0.8053333333333333
794,False,1.0,decay,40.0,60.0,none,0.0,0.81
795,False,1.0,decay,60.0,60.0,none,0.0,0.8086666666666666
796,False,1.0,decay,1.0,80.0,none,0.0,0.799
797,False,1.0,decay,10.0,80.0,none,0.0,0.8053333333333333
798,False,1.0,decay,40.0,80.0,none,0.0,0.8093333333333333
799,False,1.0,decay,60.0,80.0,none,0.0,0.8083333333333333
800,False,0.5,const,1.0,10.0,none,0.0,0.8243333333333334
801,False,0.5,const,10.0,10.0,none,0.0,0.815
802,False,0.5,const,40.0,10.0,none,0.0,0.7966666666666666
803,False,0.5,const,60.0,10.0,none,0.0,0.8046666666666666
804,False,0.5,const,1.0,40.0,none,0.0,0.805
805,False,0.5,const,10.0,40.0,none,0.0,0.8096666666666666
806,False,0.5,const,40.0,40.0,none,0.0,0.8
807,False,0.5,const,60.0,40.0,none,0.0,0.8076666666666666
808,False,0.5,const,1.0,60.0,none,0.0,0.805
809,False,0.5,const,10.0,60.0,none,0.0,0.8066666666666666
810,False,0.5,const,40.0,60.0,none,0.0,0.7996666666666666
811,False,0.5,const,60.0,60.0,none,0.0,0.808
812,False,0.5,const,1.0,80.0,none,0.0,0.8013333333333333
813,False,0.5,const,10.0,80.0,none,0.0,0.8073333333333333
814,False,0.5,const,40.0,80.0,none,0.0,0.802
815,False,0.5,const,60.0,80.0,none,0.0,0.808
816,False,0.5,decay,1.0,10.0,none,0.0,0.8243333333333334
817,False,0.5,decay,10.0,10.0,none,0.0,0.8086666666666666
818,False,0.5,decay,40.0,10.0,none,0.0,0.8076666666666666
819,False,0.5,decay,60.0,10.0,none,0.0,0.811
820,False,0.5,decay,1.0,40.0,none,0.0,0.805
821,False,0.5,decay,10.0,40.0,none,0.0,0.805
822,False,0.5,decay,40.0,40.0,none,0.0,0.8096666666666666
823,False,0.5,decay,60.0,40.0,none,0.0,0.809
824,False,0.5,decay,1.0,60.0,none,0.0,0.805
825,False,0.5,decay,10.0,60.0,none,0.0,0.805
826,False,0.5,decay,40.0,60.0,none,0.0,0.809
827,False,0.5,decay,60.0,60.0,none,0.0,0.8086666666666666
828,False,0.5,decay,1.0,80.0,none,0.0,0.8013333333333333
829,False,0.5,decay,10.0,80.0,none,0.0,0.8043333333333333
830,False,0.5,decay,40.0,80.0,none,0.0,0.8093333333333333
831,False,0.5,decay,60.0,80.0,none,0.0,0.8086666666666666
832,False,0.1,const,1.0,10.0,none,0.0,0.8056666666666666
833,False,0.1,const,10.0,10.0,none,0.0,0.8093333333333333
834,False,0.1,const,40.0,10.0,none,0.0,0.801
835,False,0.1,const,60.0,10.0,none,0.0,0.81
836,False,0.1,const,1.0,40.0,none,0.0,0.7963333333333333
837,False,0.1,const,10.0,40.0,none,0.0,0.804
838,False,0.1,const,40.0,40.0,none,0.0,0.8076666666666666
839,False,0.1,const,60.0,40.0,none,0.0,0.8086666666666666
840,False,0.1,const,1.0,60.0,none,0.0,0.7956666666666666
841,False,0.1,const,10.0,60.0,none,0.0,0.803
842,False,0.1,const,40.0,60.0,none,0.0,0.8073333333333333
843,False,0.1,const,60.0,60.0,none,0.0,0.809
844,False,0.1,const,1.0,80.0,none,0.0,0.7953333333333333
845,False,0.1,const,10.0,80.0,none,0.0,0.802
846,False,0.1,const,40.0,80.0,none,0.0,0.8076666666666666
847,False,0.1,const,60.0,80.0,none,0.0,0.8086666666666666
848,False,0.1,decay,1.0,10.0,none,0.0,0.8056666666666666
849,False,0.1,decay,10.0,10.0,none,0.0,0.8073333333333333
850,False,0.1,decay,40.0,10.0,none,0.0,0.8086666666666666
851,False,0.1,decay,60.0,10.0,none,0.0,0.8106666666666666
852,False,0.1,decay,1.0,40.0,none,0.0,0.7963333333333333
853,False,0.1,decay,10.0,40.0,none,0.0,0.8046666666666666
854,False,0.1,decay,40.0,40.0,none,0.0,0.8096666666666666
855,False,0.1,decay,60.0,40.0,none,0.0,0.8086666666666666
856,False,0.1,decay,1.0,60.0,none,0.0,0.7956666666666666
857,False,0.1,decay,10.0,60.0,none,0.0,0.803
858,False,0.1,decay,40.0,60.0,none,0.0,0.808
859,False,0.1,decay,60.0,60.0,none,0.0,0.808
860,False,0.1,decay,1.0,80.0,none,0.0,0.7953333333333333
861,False,0.1,decay,10.0,80.0,none,0.0,0.803
862,False,0.1,decay,40.0,80.0,none,0.0,0.808
863,False,0.1,decay,60.0,80.0,none,0.0,0.8073333333333333
864,False,0.01,const,1.0,10.0,none,0.0,0.7953333333333333
865,False,0.01,const,10.0,10.0,none,0.0,0.8036666666666666
866,False,0.01,const,40.0,10.0,none,0.0,0.809
867,False,0.01,const,60.0,10.0,none,0.0,0.8106666666666666
868,False,0.01,const,1.0,40.0,none,0.0,0.795
869,False,0.01,const,10.0,40.0,none,0.0,0.7966666666666666
870,False,0.01,const,40.0,40.0,none,0.0,0.8056666666666666
871,False,0.01,const,60.0,40.0,none,0.0,0.8066666666666666
872,False,0.01,const,1.0,60.0,none,0.0,0.795
873,False,0.01,const,10.0,60.0,none,0.0,0.796
874,False,0.01,const,40.0,60.0,none,0.0,0.8036666666666666
875,False,0.01,const,60.0,60.0,none,0.0,0.8046666666666666
876,False,0.01,const,1.0,80.0,none,0.0,0.795
877,False,0.01,const,10.0,80.0,none,0.0,0.7953333333333333
878,False,0.01,const,40.0,80.0,none,0.0,0.8013333333333333
879,False,0.01,const,60.0,80.0,none,0.0,0.8036666666666666
880,False,0.01,decay,1.0,10.0,none,0.0,0.7953333333333333
881,False,0.01,decay,10.0,10.0,none,0.0,0.8033333333333333
882,False,0.01,decay,40.0,10.0,none,0.0,0.8093333333333333
883,False,0.01,decay,60.0,10.0,none,0.0,0.8096666666666666
884,False,0.01,decay,1.0,40.0,none,0.0,0.795
885,False,0.01,decay,10.0,40.0,none,0.0,0.7966666666666666
886,False,0.01,decay,40.0,40.0,none,0.0,0.805
887,False,0.01,decay,60.0,40.0,none,0.0,0.8063333333333333
888,False,0.01,decay,1.0,60.0,none,0.0,0.795
889,False,0.01,decay,10.0,60.0,none,0.0,0.7953333333333333
890,False,0.01,decay,40.0,60.0,none,0.0,0.8033333333333333
891,False,0.01,decay,60.0,60.0,none,0.0,0.8036666666666666
892,False,0.01,decay,1.0,80.0,none,0.0,0.795
893,False,0.01,decay,10.0,80.0,none,0.0,0.795
894,False,0.01,decay,40.0,80.0,none,0.0,0.8003333333333333
895,False,0.01,decay,60.0,80.0,none,0.0,0.8033333333333333
896,True,1.0,const,1.0,10.0,l1,1e-09,0.5308734939759037
897,True,1.0,const,10.0,10.0,l1,1e-09,0.6980421686746988
898,True,1.0,const,40.0,10.0,l1,1e-09,0.7033132530120482
899,True,1.0,const,60.0,10.0,l1,1e-09,0.7003012048192772
900,True,1.0,const,1.0,40.0,l1,1e-09,0.6980421686746988
901,True,1.0,const,10.0,40.0,l1,1e-09,0.5873493975903614
902,True,1.0,const,40.0,40.0,l1,1e-09,0.6167168674698795
903,True,1.0,const,60.0,40.0,l1,1e-09,0.6483433734939759
904,True,1.0,const,1.0,60.0,l1,1e-09,0.5225903614457831
905,True,1.0,const,10.0,60.0,l1,1e-09,0.7123493975903614
906,True,1.0,const,40.0,60.0,l1,1e-09,0.6799698795180723
907,True,1.0,const,60.0,60.0,l1,1e-09,0.6867469879518072
908,True,1.0,const,1.0,80.0,l1,1e-09,0.6890060240963856
909,True,1.0,const,10.0,80.0,l1,1e-09,0.6393072289156626
910,True,1.0,const,40.0,80.0,l1,1e-09,0.7070783132530121
911,True,1.0,const,60.0,80.0,l1,1e-09,0.7093373493975904
912,True,1.0,decay,1.0,10.0,l1,1e-09,0.5
913,True,1.0,decay,10.0,10.0,l1,1e-09,0.6882530120481928
914,True,1.0,decay,40.0,10.0,l1,1e-09,0.7018072289156626
915,True,1.0,decay,60.0,10.0,l1,1e-09,0.7078313253012049
916,True,1.0,decay,1.0,40.0,l1,1e-09,0.7093373493975904
917,True,1.0,decay,10.0,40.0,l1,1e-09,0.7063253012048193
918,True,1.0,decay,40.0,40.0,l1,1e-09,0.7070783132530121
919,True,1.0,decay,60.0,40.0,l1,1e-09,0.7078313253012049
920,True,1.0,decay,1.0,60.0,l1,1e-09,0.6739457831325302
921,True,1.0,decay,10.0,60.0,l1,1e-09,0.7070783132530121
922,True,1.0,decay,40.0,60.0,l1,1e-09,0.7123493975903614
923,True,1.0,decay,60.0,60.0,l1,1e-09,0.7100903614457831
924,True,1.0,decay,1.0,80.0,l1,1e-09,0.7108433734939759
925,True,1.0,decay,10.0,80.0,l1,1e-09,0.7093373493975904
926,True,1.0,decay,40.0,80.0,l1,1e-09,0.7085843373493976
927,True,1.0,decay,60.0,80.0,l1,1e-09,0.7085843373493976
928,True,0.5,const,1.0,10.0,l1,1e-09,0.704066265060241
929,True,0.5,const,10.0,10.0,l1,1e-09,0.5391566265060241
930,True,0.5,const,40.0,10.0,l1,1e-09,0.7183734939759037
931,True,0.5,const,60.0,10.0,l1,1e-09,0.697289156626506
932,True,0.5,const,1.0,40.0,l1,1e-09,0.6182228915662651
933,True,0.5,const,10.0,40.0,l1,1e-09,0.6603915662650602
934,True,0.5,const,40.0,40.0,l1,1e-09,0.6784638554216867
935,True,0.5,const,60.0,40.0,l1,1e-09,0.6746987951807228
936,True,0.5,const,1.0,60.0,l1,1e-09,0.7018072289156626
937,True,0.5,const,10.0,60.0,l1,1e-09,0.7085843373493976
938,True,0.5,const,40.0,60.0,l1,1e-09,0.7176204819277109
939,True,0.5,const,60.0,60.0,l1,1e-09,0.7078313253012049
940,True,0.5,const,1.0,80.0,l1,1e-09,0.677710843373494
941,True,0.5,const,10.0,80.0,l1,1e-09,0.697289156626506
942,True,0.5,const,40.0,80.0,l1,1e-09,0.7115963855421686
943,True,0.5,const,60.0,80.0,l1,1e-09,0.7070783132530121
944,True,0.5,decay,1.0,10.0,l1,1e-09,0.6287650602409639
945,True,0.5,decay,10.0,10.0,l1,1e-09,0.7161144578313253
946,True,0.5,decay,40.0,10.0,l1,1e-09,0.7033132530120482
947,True,0.5,decay,60.0,10.0,l1,1e-09,0.7093373493975904
948,True,0.5,decay,1.0,40.0,l1,1e-09,0.7018072289156626
949,True,0.5,decay,10.0,40.0,l1,1e-09,0.7078313253012049
950,True,0.5,decay,40.0,40.0,l1,1e-09,0.7100903614457831
951,True,0.5,decay,60.0,40.0,l1,1e-09,0.7093373493975904
952,True,0.5,decay,1.0,60.0,l1,1e-09,0.6867469879518072
953,True,0.5,decay,10.0,60.0,l1,1e-09,0.7093373493975904
954,True,0.5,decay,40.0,60.0,l1,1e-09,0.7108433734939759
955,True,0.5,decay,60.0,60.0,l1,1e-09,0.7100903614457831
956,True,0.5,decay,1.0,80.0,l1,1e-09,0.6920180722891566
957,True,0.5,decay,10.0,80.0,l1,1e-09,0.7108433734939759
958,True,0.5,decay,40.0,80.0,l1,1e-09,0.7093373493975904
959,True,0.5,decay,60.0,80.0,l1,1e-09,0.7100903614457831
960,True,0.1,const,1.0,10.0,l1,1e-09,0.6927710843373494
961,True,0.1,const,10.0,10.0,l1,1e-09,0.7131024096385542
962,True,0.1,const,40.0,10.0,l1,1e-09,0.7033132530120482
963,True,0.1,const,60.0,10.0,l1,1e-09,0.7131024096385542
964,True,0.1,const,1.0,40.0,l1,1e-09,0.677710843373494
965,True,0.1,const,10.0,40.0,l1,1e-09,0.7048192771084337
966,True,0.1,const,40.0,40.0,l1,1e-09,0.7033132530120482
967,True,0.1,const,60.0,40.0,l1,1e-09,0.7078313253012049
968,True,0.1,const,1.0,60.0,l1,1e-09,0.6686746987951807
969,True,0.1,const,10.0,60.0,l1,1e-09,0.7010542168674698
970,True,0.1,const,40.0,60.0,l1,1e-09,0.7100903614457831
971,True,0.1,const,60.0,60.0,l1,1e-09,0.6987951807228916
972,True,0.1,const,1.0,80.0,l1,1e-09,0.651355421686747
973,True,0.1,const,10.0,80.0,l1,1e-09,0.6965361445783133
974,True,0.1,const,40.0,80.0,l1,1e-09,0.7108433734939759
975,True,0.1,const,60.0,80.0,l1,1e-09,0.7078313253012049
976,True,0.1,decay,1.0,10.0,l1,1e-09,0.7070783132530121
977,True,0.1,decay,10.0,10.0,l1,1e-09,0.7003012048192772
978,True,0.1,decay,40.0,10.0,l1,1e-09,0.7063253012048193
979,True,0.1,decay,60.0,10.0,l1,1e-09,0.7048192771084337
980,True,0.1,decay,1.0,40.0,l1,1e-09,0.6897590361445783
981,True,0.1,decay,10.0,40.0,l1,1e-09,0.7048192771084337
982,True,0.1,decay,40.0,40.0,l1,1e-09,0.7070783132530121
983,True,0.1,decay,60.0,40.0,l1,1e-09,0.7115963855421686
984,True,0.1,decay,1.0,60.0,l1,1e-09,0.6679216867469879
985,True,0.1,decay,10.0,60.0,l1,1e-09,0.6950301204819277
986,True,0.1,decay,40.0,60.0,l1,1e-09,0.7115963855421686
987,True,0.1,decay,60.0,60.0,l1,1e-09,0.7100903614457831
988,True,0.1,decay,1.0,80.0,l1,1e-09,0.6754518072289156
989,True,0.1,decay,10.0,80.0,l1,1e-09,0.697289156626506
990,True,0.1,decay,40.0,80.0,l1,1e-09,0.7018072289156626
991,True,0.1,decay,60.0,80.0,l1,1e-09,0.7100903614457831
992,True,0.01,const,1.0,10.0,l1,1e-09,0.6573795180722891
993,True,0.01,const,10.0,10.0,l1,1e-09,0.6905120481927711
994,True,0.01,const,40.0,10.0,l1,1e-09,0.7078313253012049
995,True,0.01,const,60.0,10.0,l1,1e-09,0.7078313253012049
996,True,0.01,const,1.0,40.0,l1,1e-09,0.6385542168674698
997,True,0.01,const,10.0,40.0,l1,1e-09,0.6852409638554217
998,True,0.01,const,40.0,40.0,l1,1e-09,0.6927710843373494
999,True,0.01,const,60.0,40.0,l1,1e-09,0.6935240963855421
1000,True,0.01,const,1.0,60.0,l1,1e-09,0.536144578313253
1001,True,0.01,const,10.0,60.0,l1,1e-09,0.6724397590361446
1002,True,0.01,const,40.0,60.0,l1,1e-09,0.6987951807228916
1003,True,0.01,const,60.0,60.0,l1,1e-09,0.6927710843373494
1004,True,0.01,const,1.0,80.0,l1,1e-09,0.5308734939759037
1005,True,0.01,const,10.0,80.0,l1,1e-09,0.6664156626506024
1006,True,0.01,const,40.0,80.0,l1,1e-09,0.6980421686746988
1007,True,0.01,const,60.0,80.0,l1,1e-09,0.697289156626506
1008,True,0.01,decay,1.0,10.0,l1,1e-09,0.6679216867469879
1009,True,0.01,decay,10.0,10.0,l1,1e-09,0.7010542168674698
1010,True,0.01,decay,40.0,10.0,l1,1e-09,0.7093373493975904
1011,True,0.01,decay,60.0,10.0,l1,1e-09,0.7123493975903614
1012,True,0.01,decay,1.0,40.0,l1,1e-09,0.6054216867469879
1013,True,0.01,decay,10.0,40.0,l1,1e-09,0.6875
1014,True,0.01,decay,40.0,40.0,l1,1e-09,0.6965361445783133
1015,True,0.01,decay,60.0,40.0,l1,1e-09,0.6950301204819277
1016,True,0.01,decay,1.0,60.0,l1,1e-09,0.5406626506024096
1017,True,0.01,decay,10.0,60.0,l1,1e-09,0.6716867469879518
1018,True,0.01,decay,40.0,60.0,l1,1e-09,0.6957831325301205
1019,True,0.01,decay,60.0,60.0,l1,1e-09,0.6950301204819277
1020,True,0.01,decay,1.0,80.0,l1,1e-09,0.552710843373494
1021,True,0.01,decay,10.0,80.0,l1,1e-09,0.6588855421686747
1022,True,0.01,decay,40.0,80.0,l1,1e-09,0.7003012048192772
1023,True,0.01,decay,60.0,80.0,l1,1e-09,0.7003012048192772
1024,True,1.0,const,1.0,10.0,l1,1e-06,0.6490963855421686
1025,True,1.0,const,10.0,10.0,l1,1e-06,0.6626506024096386
1026,True,1.0,const,40.0,10.0,l1,1e-06,0.5534638554216867
1027,True,1.0,const,60.0,10.0,l1,1e-06,0.5662650602409639
1028,True,1.0,const,1.0,40.0,l1,1e-06,0.6935240963855421
1029,True,1.0,const,10.0,40.0,l1,1e-06,0.6987951807228916
1030,True,1.0,const,40.0,40.0,l1,1e-06,0.7033132530120482
1031,True,1.0,const,60.0,40.0,l1,1e-06,0.7010542168674698
1032,True,1.0,const,1.0,60.0,l1,1e-06,0.6731927710843374
1033,True,1.0,const,10.0,60.0,l1,1e-06,0.7123493975903614
1034,True,1.0,const,40.0,60.0,l1,1e-06,0.5858433734939759
1035,True,1.0,const,60.0,60.0,l1,1e-06,0.5760542168674698
1036,True,1.0,const,1.0,80.0,l1,1e-06,0.6031626506024096
1037,True,1.0,const,10.0,80.0,l1,1e-06,0.7115963855421686
1038,True,1.0,const,40.0,80.0,l1,1e-06,0.6596385542168675
1039,True,1.0,const,60.0,80.0,l1,1e-06,0.7070783132530121
1040,True,1.0,decay,1.0,10.0,l1,1e-06,0.6664156626506024
1041,True,1.0,decay,10.0,10.0,l1,1e-06,0.6807228915662651
1042,True,1.0,decay,40.0,10.0,l1,1e-06,0.7078313253012049
1043,True,1.0,decay,60.0,10.0,l1,1e-06,0.7055722891566265
1044,True,1.0,decay,1.0,40.0,l1,1e-06,0.704066265060241
1045,True,1.0,decay,10.0,40.0,l1,1e-06,0.7070783132530121
1046,True,1.0,decay,40.0,40.0,l1,1e-06,0.7048192771084337
1047,True,1.0,decay,60.0,40.0,l1,1e-06,0.7078313253012049
1048,True,1.0,decay,1.0,60.0,l1,1e-06,0.7018072289156626
1049,True,1.0,decay,10.0,60.0,l1,1e-06,0.7100903614457831
1050,True,1.0,decay,40.0,60.0,l1,1e-06,0.7100903614457831
1051,True,1.0,decay,60.0,60.0,l1,1e-06,0.7085843373493976
1052,True,1.0,decay,1.0,80.0,l1,1e-06,0.7070783132530121
1053,True,1.0,decay,10.0,80.0,l1,1e-06,0.7093373493975904
1054,True,1.0,decay,40.0,80.0,l1,1e-06,0.7055722891566265
1055,True,1.0,decay,60.0,80.0,l1,1e-06,0.7078313253012049
1056,True,0.5,const,1.0,10.0,l1,1e-06,0.7048192771084337
1057,True,0.5,const,10.0,10.0,l1,1e-06,0.697289156626506
1058,True,0.5,const,40.0,10.0,l1,1e-06,0.6204819277108434
1059,True,0.5,const,60.0,10.0,l1,1e-06,0.6445783132530121
1060,True,0.5,const,1.0,40.0,l1,1e-06,0.6897590361445783
1061,True,0.5,const,10.0,40.0,l1,1e-06,0.6641566265060241
1062,True,0.5,const,40.0,40.0,l1,1e-06,0.6746987951807228
1063,True,0.5,const,60.0,40.0,l1,1e-06,0.6905120481927711
1064,True,0.5,const,1.0,60.0,l1,1e-06,0.6995481927710844
1065,True,0.5,const,10.0,60.0,l1,1e-06,0.7055722891566265
1066,True,0.5,const,40.0,60.0,l1,1e-06,0.6980421686746988
1067,True,0.5,const,60.0,60.0,l1,1e-06,0.7018072289156626
1068,True,0.5,const,1.0,80.0,l1,1e-06,0.6897590361445783
1069,True,0.5,const,10.0,80.0,l1,1e-06,0.6965361445783133
1070,True,0.5,const,40.0,80.0,l1,1e-06,0.7063253012048193
1071,True,0.5,const,60.0,80.0,l1,1e-06,0.7100903614457831
1072,True,0.5,decay,1.0,10.0,l1,1e-06,0.6641566265060241
1073,True,0.5,decay,10.0,10.0,l1,1e-06,0.7033132530120482
1074,True,0.5,decay,40.0,10.0,l1,1e-06,0.7108433734939759
1075,True,0.5,decay,60.0,10.0,l1,1e-06,0.7063253012048193
1076,True,0.5,decay,1.0,40.0,l1,1e-06,0.7003012048192772
1077,True,0.5,decay,10.0,40.0,l1,1e-06,0.7100903614457831
1078,True,0.5,decay,40.0,40.0,l1,1e-06,0.7093373493975904
1079,True,0.5,decay,60.0,40.0,l1,1e-06,0.7093373493975904
1080,True,0.5,decay,1.0,60.0,l1,1e-06,0.6867469879518072
1081,True,0.5,decay,10.0,60.0,l1,1e-06,0.7093373493975904
1082,True,0.5,decay,40.0,60.0,l1,1e-06,0.7108433734939759
1083,True,0.5,decay,60.0,60.0,l1,1e-06,0.7100903614457831
1084,True,0.5,decay,1.0,80.0,l1,1e-06,0.6920180722891566
1085,True,0.5,decay,10.0,80.0,l1,1e-06,0.7108433734939759
1086,True,0.5,decay,40.0,80.0,l1,1e-06,0.7093373493975904
1087,True,0.5,decay,60.0,80.0,l1,1e-06,0.7100903614457831
1088,True,0.1,const,1.0,10.0,l1,1e-06,0.6927710843373494
1089,True,0.1,const,10.0,10.0,l1,1e-06,0.7131024096385542
1090,True,0.1,const,40.0,10.0,l1,1e-06,0.7033132530120482
1091,True,0.1,const,60.0,10.0,l1,1e-06,0.7131024096385542
1092,True,0.1,const,1.0,40.0,l1,1e-06,0.677710843373494
1093,True,0.1,const,10.0,40.0,l1,1e-06,0.7048192771084337
1094,True,0.1,const,40.0,40.0,l1,1e-06,0.7033132530120482
1095,True,0.1,const,60.0,40.0,l1,1e-06,0.7078313253012049
1096,True,0.1,const,1.0,60.0,l1,1e-06,0.6686746987951807
1097,True,0.1,const,10.0,60.0,l1,1e-06,0.7010542168674698
1098,True,0.1,const,40.0,60.0,l1,1e-06,0.7100903614457831
1099,True,0.1,const,60.0,60.0,l1,1e-06,0.6987951807228916
1100,True,0.1,const,1.0,80.0,l1,1e-06,0.651355421686747
1101,True,0.1,const,10.0,80.0,l1,1e-06,0.6965361445783133
1102,True,0.1,const,40.0,80.0,l1,1e-06,0.7108433734939759
1103,True,0.1,const,60.0,80.0,l1,1e-06,0.7078313253012049
1104,True,0.1,decay,1.0,10.0,l1,1e-06,0.7070783132530121
1105,True,0.1,decay,10.0,10.0,l1,1e-06,0.7003012048192772
1106,True,0.1,decay,40.0,10.0,l1,1e-06,0.7063253012048193
1107,True,0.1,decay,60.0,10.0,l1,1e-06,0.7055722891566265
1108,True,0.1,decay,1.0,40.0,l1,1e-06,0.6897590361445783
1109,True,0.1,decay,10.0,40.0,l1,1e-06,0.7048192771084337
1110,True,0.1,decay,40.0,40.0,l1,1e-06,0.7070783132530121
1111,True,0.1,decay,60.0,40.0,l1,1e-06,0.7115963855421686
1112,True,0.1,decay,1.0,60.0,l1,1e-06,0.6679216867469879
1113,True,0.1,decay,10.0,60.0,l1,1e-06,0.6950301204819277
1114,True,0.1,decay,40.0,60.0,l1,1e-06,0.7115963855421686
1115,True,0.1,decay,60.0,60.0,l1,1e-06,0.7100903614457831
1116,True,0.1,decay,1.0,80.0,l1,1e-06,0.6754518072289156
1117,True,0.1,decay,10.0,80.0,l1,1e-06,0.697289156626506
1118,True,0.1,decay,40.0,80.0,l1,1e-06,0.7018072289156626
1119,True,0.1,decay,60.0,80.0,l1,1e-06,0.7108433734939759
1120,True,0.01,const,1.0,10.0,l1,1e-06,0.6573795180722891
1121,True,0.01,const,10.0,10.0,l1,1e-06,0.6905120481927711
1122,True,0.01,const,40.0,10.0,l1,1e-06,0.7078313253012049
1123,True,0.01,const,60.0,10.0,l1,1e-06,0.7078313253012049
1124,True,0.01,const,1.0,40.0,l1,1e-06,0.6385542168674698
1125,True,0.01,const,10.0,40.0,l1,1e-06,0.6852409638554217
1126,True,0.01,const,40.0,40.0,l1,1e-06,0.6927710843373494
1127,True,0.01,const,60.0,40.0,l1,1e-06,0.6935240963855421
1128,True,0.01,const,1.0,60.0,l1,1e-06,0.536144578313253
1129,True,0.01,const,10.0,60.0,l1,1e-06,0.6724397590361446
1130,True,0.01,const,40.0,60.0,l1,1e-06,0.6987951807228916
1131,True,0.01,const,60.0,60.0,l1,1e-06,0.6927710843373494
1132,True,0.01,const,1.0,80.0,l1,1e-06,0.5308734939759037
1133,True,0.01,const,10.0,80.0,l1,1e-06,0.6664156626506024
1134,True,0.01,const,40.0,80.0,l1,1e-06,0.6980421686746988
1135,True,0.01,const,60.0,80.0,l1,1e-06,0.697289156626506
1136,True,0.01,decay,1.0,10.0,l1,1e-06,0.6679216867469879
1137,True,0.01,decay,10.0,10.0,l1,1e-06,0.7010542168674698
1138,True,0.01,decay,40.0,10.0,l1,1e-06,0.7093373493975904
1139,True,0.01,decay,60.0,10.0,l1,1e-06,0.7123493975903614
1140,True,0.01,decay,1.0,40.0,l1,1e-06,0.6054216867469879
1141,True,0.01,decay,10.0,40.0,l1,1e-06,0.6875
1142,True,0.01,decay,40.0,40.0,l1,1e-06,0.6965361445783133
1143,True,0.01,decay,60.0,40.0,l1,1e-06,0.6950301204819277
1144,True,0.01,decay,1.0,60.0,l1,1e-06,0.5406626506024096
1145,True,0.01,decay,10.0,60.0,l1,1e-06,0.6716867469879518
1146,True,0.01,decay,40.0,60.0,l1,1e-06,0.6957831325301205
1147,True,0.01,decay,60.0,60.0,l1,1e-06,0.6950301204819277
1148,True,0.01,decay,1.0,80.0,l1,1e-06,0.552710843373494
1149,True,0.01,decay,10.0,80.0,l1,1e-06,0.6588855421686747
1150,True,0.01,decay,40.0,80.0,l1,1e-06,0.7003012048192772
1151,True,0.01,decay,60.0,80.0,l1,1e-06,0.7003012048192772
1152,True,1.0,const,1.0,10.0,l1,0.001,0.6536144578313253
1153,True,1.0,const,10.0,10.0,l1,0.001,0.6686746987951807
1154,True,1.0,const,40.0,10.0,l1,0.001,0.5685240963855421
1155,True,1.0,const,60.0,10.0,l1,0.001,0.6001506024096386
1156,True,1.0,const,1.0,40.0,l1,0.001,0.6927710843373494
1157,True,1.0,const,10.0,40.0,l1,0.001,0.6950301204819277
1158,True,1.0,const,40.0,40.0,l1,0.001,0.6890060240963856
1159,True,1.0,const,60.0,40.0,l1,0.001,0.7010542168674698
1160,True,1.0,const,1.0,60.0,l1,0.001,0.6746987951807228
1161,True,1.0,const,10.0,60.0,l1,0.001,0.6980421686746988
1162,True,1.0,const,40.0,60.0,l1,0.001,0.6159638554216867
1163,True,1.0,const,60.0,60.0,l1,0.001,0.5963855421686747
1164,True,1.0,const,1.0,80.0,l1,0.001,0.6137048192771084
1165,True,1.0,const,10.0,80.0,l1,0.001,0.7025602409638554
1166,True,1.0,const,40.0,80.0,l1,0.001,0.6528614457831325
1167,True,1.0,const,60.0,80.0,l1,0.001,0.704066265060241
1168,True,1.0,decay,1.0,10.0,l1,0.001,0.6498493975903614
1169,True,1.0,decay,10.0,10.0,l1,0.001,0.6829819277108434
1170,True,1.0,decay,40.0,10.0,l1,0.001,0.6987951807228916
1171,True,1.0,decay,60.0,10.0,l1,0.001,0.6942771084337349
1172,True,1.0,decay,1.0,40.0,l1,0.001,0.7055722891566265
1173,True,1.0,decay,10.0,40.0,l1,0.001,0.7078313253012049
1174,True,1.0,decay,40.0,40.0,l1,0.001,0.6987951807228916
1175,True,1.0,decay,60.0,40.0,l1,0.001,0.7018072289156626
1176,True,1.0,decay,1.0,60.0,l1,0.001,0.7055722891566265
1177,True,1.0,decay,10.0,60.0,l1,0.001,0.7048192771084337
1178,True,1.0,decay,40.0,60.0,l1,0.001,0.7048192771084337
1179,True,1.0,decay,60.0,60.0,l1,0.001,0.7055722891566265
1180,True,1.0,decay,1.0,80.0,l1,0.001,0.7070783132530121
1181,True,1.0,decay,10.0,80.0,l1,0.001,0.7063253012048193
1182,True,1.0,decay,40.0,80.0,l1,0.001,0.7018072289156626
1183,True,1.0,decay,60.0,80.0,l1,0.001,0.7085843373493976
1184,True,0.5,const,1.0,10.0,l1,0.001,0.7018072289156626
1185,True,0.5,const,10.0,10.0,l1,0.001,0.6890060240963856
1186,True,0.5,const,40.0,10.0,l1,0.001,0.6332831325301205
1187,True,0.5,const,60.0,10.0,l1,0.001,0.634789156626506
1188,True,0.5,const,1.0,40.0,l1,0.001,0.6987951807228916
1189,True,0.5,const,10.0,40.0,l1,0.001,0.6686746987951807
1190,True,0.5,const,40.0,40.0,l1,0.001,0.6701807228915663
1191,True,0.5,const,60.0,40.0,l1,0.001,0.6822289156626506
1192,True,0.5,const,1.0,60.0,l1,0.001,0.7018072289156626
1193,True,0.5,const,10.0,60.0,l1,0.001,0.7010542168674698
1194,True,0.5,const,40.0,60.0,l1,0.001,0.6882530120481928
1195,True,0.5,const,60.0,60.0,l1,0.001,0.6980421686746988
1196,True,0.5,const,1.0,80.0,l1,0.001,0.6852409638554217
1197,True,0.5,const,10.0,80.0,l1,0.001,0.6875
1198,True,0.5,const,40.0,80.0,l1,0.001,0.6987951807228916
1199,True,0.5,const,60.0,80.0,l1,0.001,0.7018072289156626
1200,True,0.5,decay,1.0,10.0,l1,0.001,0.6731927710843374
1201,True,0.5,decay,10.0,10.0,l1,0.001,0.704066265060241
1202,True,0.5,decay,40.0,10.0,l1,0.001,0.7010542168674698
1203,True,0.5,decay,60.0,10.0,l1,0.001,0.6995481927710844
1204,True,0.5,decay,1.0,40.0,l1,0.001,0.7033132530120482
1205,True,0.5,decay,10.0,40.0,l1,0.001,0.7033132530120482
1206,True,0.5,decay,40.0,40.0,l1,0.001,0.7055722891566265
1207,True,0.5,decay,60.0,40.0,l1,0.001,0.7063253012048193
1208,True,0.5,decay,1.0,60.0,l1,0.001,0.6837349397590361
1209,True,0.5,decay,10.0,60.0,l1,0.001,0.7063253012048193
1210,True,0.5,decay,40.0,60.0,l1,0.001,0.7063253012048193
1211,True,0.5,decay,60.0,60.0,l1,0.001,0.7078313253012049
1212,True,0.5,decay,1.0,80.0,l1,0.001,0.6905120481927711
1213,True,0.5,decay,10.0,80.0,l1,0.001,0.7048192771084337
1214,True,0.5,decay,40.0,80.0,l1,0.001,0.7070783132530121
1215,True,0.5,decay,60.0,80.0,l1,0.001,0.7085843373493976
1216,True,0.1,const,1.0,10.0,l1,0.001,0.6905120481927711
1217,True,0.1,const,10.0,10.0,l1,0.001,0.7100903614457831
1218,True,0.1,const,40.0,10.0,l1,0.001,0.6957831325301205
1219,True,0.1,const,60.0,10.0,l1,0.001,0.7055722891566265
1220,True,0.1,const,1.0,40.0,l1,0.001,0.6814759036144579
1221,True,0.1,const,10.0,40.0,l1,0.001,0.704066265060241
1222,True,0.1,const,40.0,40.0,l1,0.001,0.7048192771084337
1223,True,0.1,const,60.0,40.0,l1,0.001,0.7003012048192772
1224,True,0.1,const,1.0,60.0,l1,0.001,0.6731927710843374
1225,True,0.1,const,10.0,60.0,l1,0.001,0.7025602409638554
1226,True,0.1,const,40.0,60.0,l1,0.001,0.7010542168674698
1227,True,0.1,const,60.0,60.0,l1,0.001,0.6912650602409639
1228,True,0.1,const,1.0,80.0,l1,0.001,0.6551204819277109
1229,True,0.1,const,10.0,80.0,l1,0.001,0.6942771084337349
1230,True,0.1,const,40.0,80.0,l1,0.001,0.7100903614457831
1231,True,0.1,const,60.0,80.0,l1,0.001,0.7048192771084337
1232,True,0.1,decay,1.0,10.0,l1,0.001,0.7048192771084337
1233,True,0.1,decay,10.0,10.0,l1,0.001,0.6987951807228916
1234,True,0.1,decay,40.0,10.0,l1,0.001,0.6987951807228916
1235,True,0.1,decay,60.0,10.0,l1,0.001,0.7070783132530121
1236,True,0.1,decay,1.0,40.0,l1,0.001,0.6905120481927711
1237,True,0.1,decay,10.0,40.0,l1,0.001,0.7048192771084337
1238,True,0.1,decay,40.0,40.0,l1,0.001,0.7063253012048193
1239,True,0.1,decay,60.0,40.0,l1,0.001,0.704066265060241
1240,True,0.1,decay,1.0,60.0,l1,0.001,0.6739457831325302
1241,True,0.1,decay,10.0,60.0,l1,0.001,0.6920180722891566
1242,True,0.1,decay,40.0,60.0,l1,0.001,0.7093373493975904
1243,True,0.1,decay,60.0,60.0,l1,0.001,0.7078313253012049
1244,True,0.1,decay,1.0,80.0,l1,0.001,0.6739457831325302
1245,True,0.1,decay,10.0,80.0,l1,0.001,0.6927710843373494
1246,True,0.1,decay,40.0,80.0,l1,0.001,0.6980421686746988
1247,True,0.1,decay,60.0,80.0,l1,0.001,0.7055722891566265
1248,True,0.01,const,1.0,10.0,l1,0.001,0.6573795180722891
1249,True,0.01,const,10.0,10.0,l1,0.001,0.6897590361445783
1250,True,0.01,const,40.0,10.0,l1,0.001,0.7055722891566265
1251,True,0.01,const,60.0,10.0,l1,0.001,0.7070783132530121
1252,True,0.01,const,1.0,40.0,l1,0.001,0.6355421686746988
1253,True,0.01,const,10.0,40.0,l1,0.001,0.6829819277108434
1254,True,0.01,const,40.0,40.0,l1,0.001,0.6882530120481928
1255,True,0.01,const,60.0,40.0,l1,0.001,0.6942771084337349
1256,True,0.01,const,1.0,60.0,l1,0.001,0.5436746987951807
1257,True,0.01,const,10.0,60.0,l1,0.001,0.6731927710843374
1258,True,0.01,const,40.0,60.0,l1,0.001,0.6942771084337349
1259,True,0.01,const,60.0,60.0,l1,0.001,0.6897590361445783
1260,True,0.01,const,1.0,80.0,l1,0.001,0.5399096385542169
1261,True,0.01,const,10.0,80.0,l1,0.001,0.6664156626506024
1262,True,0.01,const,40.0,80.0,l1,0.001,0.6920180722891566
1263,True,0.01,const,60.0,80.0,l1,0.001,0.6987951807228916
1264,True,0.01,decay,1.0,10.0,l1,0.001,0.6671686746987951
1265,True,0.01,decay,10.0,10.0,l1,0.001,0.6987951807228916
1266,True,0.01,decay,40.0,10.0,l1,0.001,0.7063253012048193
1267,True,0.01,decay,60.0,10.0,l1,0.001,0.704066265060241
1268,True,0.01,decay,1.0,40.0,l1,0.001,0.6114457831325302
1269,True,0.01,decay,10.0,40.0,l1,0.001,0.6859939759036144
1270,True,0.01,decay,40.0,40.0,l1,0.001,0.6897590361445783
1271,True,0.01,decay,60.0,40.0,l1,0.001,0.6957831325301205
1272,True,0.01,decay,1.0,60.0,l1,0.001,0.5444277108433735
1273,True,0.01,decay,10.0,60.0,l1,0.001,0.6731927710843374
1274,True,0.01,decay,40.0,60.0,l1,0.001,0.6935240963855421
1275,True,0.01,decay,60.0,60.0,l1,0.001,0.6957831325301205
1276,True,0.01,decay,1.0,80.0,l1,0.001,0.5579819277108434
1277,True,0.01,decay,10.0,80.0,l1,0.001,0.6634036144578314
1278,True,0.01,decay,40.0,80.0,l1,0.001,0.6942771084337349
1279,True,0.01,decay,60.0,80.0,l1,0.001,0.6935240963855421
1280,True,1.0,const,1.0,10.0,l2,1e-09,0.6490963855421686
1281,True,1.0,const,10.0,10.0,l2,1e-09,0.6626506024096386
1282,True,1.0,const,40.0,10.0,l2,1e-09,0.5534638554216867
1283,True,1.0,const,60.0,10.0,l2,1e-09,0.5670180722891566
1284,True,1.0,const,1.0,40.0,l2,1e-09,0.6935240963855421
1285,True,1.0,const,10.0,40.0,l2,1e-09,0.6987951807228916
1286,True,1.0,const,40.0,40.0,l2,1e-09,0.7033132530120482
1287,True,1.0,const,60.0,40.0,l2,1e-09,0.7010542168674698
1288,True,1.0,const,1.0,60.0,l2,1e-09,0.6731927710843374
1289,True,1.0,const,10.0,60.0,l2,1e-09,0.7123493975903614
1290,True,1.0,const,40.0,60.0,l2,1e-09,0.5858433734939759
1291,True,1.0,const,60.0,60.0,l2,1e-09,0.5768072289156626
1292,True,1.0,const,1.0,80.0,l2,1e-09,0.6031626506024096
1293,True,1.0,const,10.0,80.0,l2,1e-09,0.7115963855421686
1294,True,1.0,const,40.0,80.0,l2,1e-09,0.6596385542168675
1295,True,1.0,const,60.0,80.0,l2,1e-09,0.7070783132530121
1296,True,1.0,decay,1.0,10.0,l2,1e-09,0.6664156626506024
1297,True,1.0,decay,10.0,10.0,l2,1e-09,0.6807228915662651
1298,True,1.0,decay,40.0,10.0,l2,1e-09,0.7078313253012049
1299,True,1.0,decay,60.0,10.0,l2,1e-09,0.7055722891566265
1300,True,1.0,decay,1.0,40.0,l2,1e-09,0.704066265060241
1301,True,1.0,decay,10.0,40.0,l2,1e-09,0.7070783132530121
1302,True,1.0,decay,40.0,40.0,l2,1e-09,0.7048192771084337
1303,True,1.0,decay,60.0,40.0,l2,1e-09,0.7078313253012049
1304,True,1.0,decay,1.0,60.0,l2,1e-09,0.7018072289156626
1305,True,1.0,decay,10.0,60.0,l2,1e-09,0.7108433734939759
1306,True,1.0,decay,40.0,60.0,l2,1e-09,0.7100903614457831
1307,True,1.0,decay,60.0,60.0,l2,1e-09,0.7085843373493976
1308,True,1.0,decay,1.0,80.0,l2,1e-09,0.7070783132530121
1309,True,1.0,decay,10.0,80.0,l2,1e-09,0.7093373493975904
1310,True,1.0,decay,40.0,80.0,l2,1e-09,0.7055722891566265
1311,True,1.0,decay,60.0,80.0,l2,1e-09,0.7085843373493976
1312,True,0.5,const,1.0,10.0,l2,1e-09,0.7048192771084337
1313,True,0.5,const,10.0,10.0,l2,1e-09,0.697289156626506
1314,True,0.5,const,40.0,10.0,l2,1e-09,0.6204819277108434
1315,True,0.5,const,60.0,10.0,l2,1e-09,0.6453313253012049
1316,True,0.5,const,1.0,40.0,l2,1e-09,0.6897590361445783
1317,True,0.5,const,10.0,40.0,l2,1e-09,0.6641566265060241
1318,True,0.5,const,40.0,40.0,l2,1e-09,0.6746987951807228
1319,True,0.5,const,60.0,40.0,l2,1e-09,0.6905120481927711
1320,True,0.5,const,1.0,60.0,l2,1e-09,0.6987951807228916
1321,True,0.5,const,10.0,60.0,l2,1e-09,0.7055722891566265
1322,True,0.5,const,40.0,60.0,l2,1e-09,0.6980421686746988
1323,True,0.5,const,60.0,60.0,l2,1e-09,0.7018072289156626
1324,True,0.5,const,1.0,80.0,l2,1e-09,0.6897590361445783
1325,True,0.5,const,10.0,80.0,l2,1e-09,0.6965361445783133
1326,True,0.5,const,40.0,80.0,l2,1e-09,0.7063253012048193
1327,True,0.5,const,60.0,80.0,l2,1e-09,0.7100903614457831
1328,True,0.5,decay,1.0,10.0,l2,1e-09,0.6641566265060241
1329,True,0.5,decay,10.0,10.0,l2,1e-09,0.7033132530120482
1330,True,0.5,decay,40.0,10.0,l2,1e-09,0.7108433734939759
1331,True,0.5,decay,60.0,10.0,l2,1e-09,0.7063253012048193
1332,True,0.5,decay,1.0,40.0,l2,1e-09,0.7003012048192772
1333,True,0.5,decay,10.0,40.0,l2,1e-09,0.7100903614457831
1334,True,0.5,decay,40.0,40.0,l2,1e-09,0.7093373493975904
1335,True,0.5,decay,60.0,40.0,l2,1e-09,0.7093373493975904
1336,True,0.5,decay,1.0,60.0,l2,1e-09,0.6867469879518072
1337,True,0.5,decay,10.0,60.0,l2,1e-09,0.7093373493975904
1338,True,0.5,decay,40.0,60.0,l2,1e-09,0.7108433734939759
1339,True,0.5,decay,60.0,60.0,l2,1e-09,0.7100903614457831
1340,True,0.5,decay,1.0,80.0,l2,1e-09,0.6920180722891566
1341,True,0.5,decay,10.0,80.0,l2,1e-09,0.7108433734939759
1342,True,0.5,decay,40.0,80.0,l2,1e-09,0.7093373493975904
1343,True,0.5,decay,60.0,80.0,l2,1e-09,0.7100903614457831
1344,True,0.1,const,1.0,10.0,l2,1e-09,0.6927710843373494
1345,True,0.1,const,10.0,10.0,l2,1e-09,0.7131024096385542
1346,True,0.1,const,40.0,10.0,l2,1e-09,0.7033132530120482
1347,True,0.1,const,60.0,10.0,l2,1e-09,0.7131024096385542
1348,True,0.1,const,1.0,40.0,l2,1e-09,0.677710843373494
1349,True,0.1,const,10.0,40.0,l2,1e-09,0.7048192771084337
1350,True,0.1,const,40.0,40.0,l2,1e-09,0.7033132530120482
1351,True,0.1,const,60.0,40.0,l2,1e-09,0.7078313253012049
1352,True,0.1,const,1.0,60.0,l2,1e-09,0.6686746987951807
1353,True,0.1,const,10.0,60.0,l2,1e-09,0.7010542168674698
1354,True,0.1,const,40.0,60.0,l2,1e-09,0.7100903614457831
1355,True,0.1,const,60.0,60.0,l2,1e-09,0.6987951807228916
1356,True,0.1,const,1.0,80.0,l2,1e-09,0.651355421686747
1357,True,0.1,const,10.0,80.0,l2,1e-09,0.6965361445783133
1358,True,0.1,const,40.0,80.0,l2,1e-09,0.7108433734939759
1359,True,0.1,const,60.0,80.0,l2,1e-09,0.7078313253012049
1360,True,0.1,decay,1.0,10.0,l2,1e-09,0.7070783132530121
1361,True,0.1,decay,10.0,10.0,l2,1e-09,0.7003012048192772
1362,True,0.1,decay,40.0,10.0,l2,1e-09,0.7063253012048193
1363,True,0.1,decay,60.0,10.0,l2,1e-09,0.7048192771084337
1364,True,0.1,decay,1.0,40.0,l2,1e-09,0.6897590361445783
1365,True,0.1,decay,10.0,40.0,l2,1e-09,0.7048192771084337
1366,True,0.1,decay,40.0,40.0,l2,1e-09,0.7070783132530121
1367,True,0.1,decay,60.0,40.0,l2,1e-09,0.7115963855421686
1368,True,0.1,decay,1.0,60.0,l2,1e-09,0.6679216867469879
1369,True,0.1,decay,10.0,60.0,l2,1e-09,0.6950301204819277
1370,True,0.1,decay,40.0,60.0,l2,1e-09,0.7115963855421686
1371,True,0.1,decay,60.0,60.0,l2,1e-09,0.7100903614457831
1372,True,0.1,decay,1.0,80.0,l2,1e-09,0.6754518072289156
1373,True,0.1,decay,10.0,80.0,l2,1e-09,0.697289156626506
1374,True,0.1,decay,40.0,80.0,l2,1e-09,0.7018072289156626
1375,True,0.1,decay,60.0,80.0,l2,1e-09,0.7100903614457831
1376,True,0.01,const,1.0,10.0,l2,1e-09,0.6573795180722891
1377,True,0.01,const,10.0,10.0,l2,1e-09,0.6905120481927711
1378,True,0.01,const,40.0,10.0,l2,1e-09,0.7078313253012049
1379,True,0.01,const,60.0,10.0,l2,1e-09,0.7078313253012049
1380,True,0.01,const,1.0,40.0,l2,1e-09,0.6385542168674698
1381,True,0.01,const,10.0,40.0,l2,1e-09,0.6852409638554217
1382,True,0.01,const,40.0,40.0,l2,1e-09,0.6927710843373494
1383,True,0.01,const,60.0,40.0,l2,1e-09,0.6935240963855421
1384,True,0.01,const,1.0,60.0,l2,1e-09,0.536144578313253
1385,True,0.01,const,10.0,60.0,l2,1e-09,0.6724397590361446
1386,True,0.01,const,40.0,60.0,l2,1e-09,0.6987951807228916
1387,True,0.01,const,60.0,60.0,l2,1e-09,0.6927710843373494
1388,True,0.01,const,1.0,80.0,l2,1e-09,0.5308734939759037
1389,True,0.01,const,10.0,80.0,l2,1e-09,0.6664156626506024
1390,True,0.01,const,40.0,80.0,l2,1e-09,0.6980421686746988
1391,True,0.01,const,60.0,80.0,l2,1e-09,0.697289156626506
1392,True,0.01,decay,1.0,10.0,l2,1e-09,0.6679216867469879
1393,True,0.01,decay,10.0,10.0,l2,1e-09,0.7010542168674698
1394,True,0.01,decay,40.0,10.0,l2,1e-09,0.7093373493975904
1395,True,0.01,decay,60.0,10.0,l2,1e-09,0.7123493975903614
1396,True,0.01,decay,1.0,40.0,l2,1e-09,0.6054216867469879
1397,True,0.01,decay,10.0,40.0,l2,1e-09,0.6875
1398,True,0.01,decay,40.0,40.0,l2,1e-09,0.6965361445783133
1399,True,0.01,decay,60.0,40.0,l2,1e-09,0.6950301204819277
1400,True,0.01,decay,1.0,60.0,l2,1e-09,0.5406626506024096
1401,True,0.01,decay,10.0,60.0,l2,1e-09,0.6716867469879518
1402,True,0.01,decay,40.0,60.0,l2,1e-09,0.6957831325301205
1403,True,0.01,decay,60.0,60.0,l2,1e-09,0.6950301204819277
1404,True,0.01,decay,1.0,80.0,l2,1e-09,0.552710843373494
1405,True,0.01,decay,10.0,80.0,l2,1e-09,0.6588855421686747
1406,True,0.01,decay,40.0,80.0,l2,1e-09,0.7003012048192772
1407,True,0.01,decay,60.0,80.0,l2,1e-09,0.7003012048192772
1408,True,1.0,const,1.0,10.0,l2,1e-06,0.6490963855421686
1409,True,1.0,const,10.0,10.0,l2,1e-06,0.6626506024096386
1410,True,1.0,const,40.0,10.0,l2,1e-06,0.5534638554216867
1411,True,1.0,const,60.0,10.0,l2,1e-06,0.5662650602409639
1412,True,1.0,const,1.0,40.0,l2,1e-06,0.6935240963855421
1413,True,1.0,const,10.0,40.0,l2,1e-06,0.6987951807228916
1414,True,1.0,const,40.0,40.0,l2,1e-06,0.7033132530120482
1415,True,1.0,const,60.0,40.0,l2,1e-06,0.7010542168674698
1416,True,1.0,const,1.0,60.0,l2,1e-06,0.6731927710843374
1417,True,1.0,const,10.0,60.0,l2,1e-06,0.7123493975903614
1418,True,1.0,const,40.0,60.0,l2,1e-06,0.5858433734939759
1419,True,1.0,const,60.0,60.0,l2,1e-06,0.5760542168674698
1420,True,1.0,const,1.0,80.0,l2,1e-06,0.6031626506024096
1421,True,1.0,const,10.0,80.0,l2,1e-06,0.7115963855421686
1422,True,1.0,const,40.0,80.0,l2,1e-06,0.6596385542168675
1423,True,1.0,const,60.0,80.0,l2,1e-06,0.7070783132530121
1424,True,1.0,decay,1.0,10.0,l2,1e-06,0.6664156626506024
1425,True,1.0,decay,10.0,10.0,l2,1e-06,0.6807228915662651
1426,True,1.0,decay,40.0,10.0,l2,1e-06,0.7078313253012049
1427,True,1.0,decay,60.0,10.0,l2,1e-06,0.7055722891566265
1428,True,1.0,decay,1.0,40.0,l2,1e-06,0.704066265060241
1429,True,1.0,decay,10.0,40.0,l2,1e-06,0.7070783132530121
1430,True,1.0,decay,40.0,40.0,l2,1e-06,0.7048192771084337
1431,True,1.0,decay,60.0,40.0,l2,1e-06,0.7078313253012049
1432,True,1.0,decay,1.0,60.0,l2,1e-06,0.7018072289156626
1433,True,1.0,decay,10.0,60.0,l2,1e-06,0.7108433734939759
1434,True,1.0,decay,40.0,60.0,l2,1e-06,0.7100903614457831
1435,True,1.0,decay,60.0,60.0,l2,1e-06,0.7085843373493976
1436,True,1.0,decay,1.0,80.0,l2,1e-06,0.7070783132530121
1437,True,1.0,decay,10.0,80.0,l2,1e-06,0.7093373493975904
1438,True,1.0,decay,40.0,80.0,l2,1e-06,0.7055722891566265
1439,True,1.0,decay,60.0,80.0,l2,1e-06,0.7078313253012049
1440,True,0.5,const,1.0,10.0,l2,1e-06,0.7048192771084337
1441,True,0.5,const,10.0,10.0,l2,1e-06,0.697289156626506
1442,True,0.5,const,40.0,10.0,l2,1e-06,0.6204819277108434
1443,True,0.5,const,60.0,10.0,l2,1e-06,0.6445783132530121
1444,True,0.5,const,1.0,40.0,l2,1e-06,0.6897590361445783
1445,True,0.5,const,10.0,40.0,l2,1e-06,0.6641566265060241
1446,True,0.5,const,40.0,40.0,l2,1e-06,0.6746987951807228
1447,True,0.5,const,60.0,40.0,l2,1e-06,0.6905120481927711
1448,True,0.5,const,1.0,60.0,l2,1e-06,0.6995481927710844
1449,True,0.5,const,10.0,60.0,l2,1e-06,0.7055722891566265
1450,True,0.5,const,40.0,60.0,l2,1e-06,0.6980421686746988
1451,True,0.5,const,60.0,60.0,l2,1e-06,0.7018072289156626
1452,True,0.5,const,1.0,80.0,l2,1e-06,0.6897590361445783
1453,True,0.5,const,10.0,80.0,l2,1e-06,0.6965361445783133
1454,True,0.5,const,40.0,80.0,l2,1e-06,0.7063253012048193
1455,True,0.5,const,60.0,80.0,l2,1e-06,0.7100903614457831
1456,True,0.5,decay,1.0,10.0,l2,1e-06,0.6641566265060241
1457,True,0.5,decay,10.0,10.0,l2,1e-06,0.7033132530120482
1458,True,0.5,decay,40.0,10.0,l2,1e-06,0.7108433734939759
1459,True,0.5,decay,60.0,10.0,l2,1e-06,0.7063253012048193
1460,True,0.5,decay,1.0,40.0,l2,1e-06,0.7003012048192772
1461,True,0.5,decay,10.0,40.0,l2,1e-06,0.7100903614457831
1462,True,0.5,decay,40.0,40.0,l2,1e-06,0.7093373493975904
1463,True,0.5,decay,60.0,40.0,l2,1e-06,0.7093373493975904
1464,True,0.5,decay,1.0,60.0,l2,1e-06,0.6867469879518072
1465,True,0.5,decay,10.0,60.0,l2,1e-06,0.7093373493975904
1466,True,0.5,decay,40.0,60.0,l2,1e-06,0.7108433734939759
1467,True,0.5,decay,60.0,60.0,l2,1e-06,0.7100903614457831
1468,True,0.5,decay,1.0,80.0,l2,1e-06,0.6920180722891566
1469,True,0.5,decay,10.0,80.0,l2,1e-06,0.7108433734939759
1470,True,0.5,decay,40.0,80.0,l2,1e-06,0.7093373493975904
1471,True,0.5,decay,60.0,80.0,l2,1e-06,0.7100903614457831
1472,True,0.1,const,1.0,10.0,l2,1e-06,0.6927710843373494
1473,True,0.1,const,10.0,10.0,l2,1e-06,0.7131024096385542
1474,True,0.1,const,40.0,10.0,l2,1e-06,0.7033132530120482
1475,True,0.1,const,60.0,10.0,l2,1e-06,0.7131024096385542
1476,True,0.1,const,1.0,40.0,l2,1e-06,0.677710843373494
1477,True,0.1,const,10.0,40.0,l2,1e-06,0.7048192771084337
1478,True,0.1,const,40.0,40.0,l2,1e-06,0.7033132530120482
1479,True,0.1,const,60.0,40.0,l2,1e-06,0.7078313253012049
1480,True,0.1,const,1.0,60.0,l2,1e-06,0.6686746987951807
1481,True,0.1,const,10.0,60.0,l2,1e-06,0.7010542168674698
1482,True,0.1,const,40.0,60.0,l2,1e-06,0.7100903614457831
1483,True,0.1,const,60.0,60.0,l2,1e-06,0.6987951807228916
1484,True,0.1,const,1.0,80.0,l2,1e-06,0.651355421686747
1485,True,0.1,const,10.0,80.0,l2,1e-06,0.6965361445783133
1486,True,0.1,const,40.0,80.0,l2,1e-06,0.7108433734939759
1487,True,0.1,const,60.0,80.0,l2,1e-06,0.7078313253012049
1488,True,0.1,decay,1.0,10.0,l2,1e-06,0.7070783132530121
1489,True,0.1,decay,10.0,10.0,l2,1e-06,0.7003012048192772
1490,True,0.1,decay,40.0,10.0,l2,1e-06,0.7063253012048193
1491,True,0.1,decay,60.0,10.0,l2,1e-06,0.7048192771084337
1492,True,0.1,decay,1.0,40.0,l2,1e-06,0.6897590361445783
1493,True,0.1,decay,10.0,40.0,l2,1e-06,0.7048192771084337
1494,True,0.1,decay,40.0,40.0,l2,1e-06,0.7070783132530121
1495,True,0.1,decay,60.0,40.0,l2,1e-06,0.7115963855421686
1496,True,0.1,decay,1.0,60.0,l2,1e-06,0.6679216867469879
1497,True,0.1,decay,10.0,60.0,l2,1e-06,0.6950301204819277
1498,True,0.1,decay,40.0,60.0,l2,1e-06,0.7115963855421686
1499,True,0.1,decay,60.0,60.0,l2,1e-06,0.7100903614457831
1500,True,0.1,decay,1.0,80.0,l2,1e-06,0.6754518072289156
1501,True,0.1,decay,10.0,80.0,l2,1e-06,0.697289156626506
1502,True,0.1,decay,40.0,80.0,l2,1e-06,0.7018072289156626
1503,True,0.1,decay,60.0,80.0,l2,1e-06,0.7108433734939759
1504,True,0.01,const,1.0,10.0,l2,1e-06,0.6573795180722891
1505,True,0.01,const,10.0,10.0,l2,1e-06,0.6905120481927711
1506,True,0.01,const,40.0,10.0,l2,1e-06,0.7078313253012049
1507,True,0.01,const,60.0,10.0,l2,1e-06,0.7078313253012049
1508,True,0.01,const,1.0,40.0,l2,1e-06,0.6385542168674698
1509,True,0.01,const,10.0,40.0,l2,1e-06,0.6852409638554217
1510,True,0.01,const,40.0,40.0,l2,1e-06,0.6927710843373494
1511,True,0.01,const,60.0,40.0,l2,1e-06,0.6935240963855421
1512,True,0.01,const,1.0,60.0,l2,1e-06,0.536144578313253
1513,True,0.01,const,10.0,60.0,l2,1e-06,0.6724397590361446
1514,True,0.01,const,40.0,60.0,l2,1e-06,0.6987951807228916
1515,True,0.01,const,60.0,60.0,l2,1e-06,0.6927710843373494
1516,True,0.01,const,1.0,80.0,l2,1e-06,0.5308734939759037
1517,True,0.01,const,10.0,80.0,l2,1e-06,0.6664156626506024
1518,True,0.01,const,40.0,80.0,l2,1e-06,0.6980421686746988
1519,True,0.01,const,60.0,80.0,l2,1e-06,0.697289156626506
1520,True,0.01,decay,1.0,10.0,l2,1e-06,0.6679216867469879
1521,True,0.01,decay,10.0,10.0,l2,1e-06,0.7010542168674698
1522,True,0.01,decay,40.0,10.0,l2,1e-06,0.7093373493975904
1523,True,0.01,decay,60.0,10.0,l2,1e-06,0.7123493975903614
1524,True,0.01,decay,1.0,40.0,l2,1e-06,0.6054216867469879
1525,True,0.01,decay,10.0,40.0,l2,1e-06,0.6875
1526,True,0.01,decay,40.0,40.0,l2,1e-06,0.6965361445783133
1527,True,0.01,decay,60.0,40.0,l2,1e-06,0.6950301204819277
1528,True,0.01,decay,1.0,60.0,l2,1e-06,0.5406626506024096
1529,True,0.01,decay,10.0,60.0,l2,1e-06,0.6716867469879518
1530,True,0.01,decay,40.0,60.0,l2,1e-06,0.6957831325301205
1531,True,0.01,decay,60.0,60.0,l2,1e-06,0.6950301204819277
1532,True,0.01,decay,1.0,80.0,l2,1e-06,0.552710843373494
1533,True,0.01,decay,10.0,80.0,l2,1e-06,0.6588855421686747
1534,True,0.01,decay,40.0,80.0,l2,1e-06,0.7003012048192772
1535,True,0.01,decay,60.0,80.0,l2,1e-06,0.7003012048192772
1536,True,1.0,const,1.0,10.0,l2,0.001,0.6558734939759037
1537,True,1.0,const,10.0,10.0,l2,0.001,0.6762048192771084
1538,True,1.0,const,40.0,10.0,l2,0.001,0.5941265060240963
1539,True,1.0,const,60.0,10.0,l2,0.001,0.6009036144578314
1540,True,1.0,const,1.0,40.0,l2,0.001,0.6927710843373494
1541,True,1.0,const,10.0,40.0,l2,0.001,0.6905120481927711
1542,True,1.0,const,40.0,40.0,l2,0.001,0.6912650602409639
1543,True,1.0,const,60.0,40.0,l2,0.001,0.7018072289156626
1544,True,1.0,const,1.0,60.0,l2,0.001,0.6716867469879518
1545,True,1.0,const,10.0,60.0,l2,0.001,0.7070783132530121
1546,True,1.0,const,40.0,60.0,l2,0.001,0.6054216867469879
1547,True,1.0,const,60.0,60.0,l2,0.001,0.5993975903614458
1548,True,1.0,const,1.0,80.0,l2,0.001,0.6091867469879518
1549,True,1.0,const,10.0,80.0,l2,0.001,0.7025602409638554
1550,True,1.0,const,40.0,80.0,l2,0.001,0.6671686746987951
1551,True,1.0,const,60.0,80.0,l2,0.001,0.6957831325301205
1552,True,1.0,decay,1.0,10.0,l2,0.001,0.6460843373493976
1553,True,1.0,decay,10.0,10.0,l2,0.001,0.6829819277108434
1554,True,1.0,decay,40.0,10.0,l2,0.001,0.704066265060241
1555,True,1.0,decay,60.0,10.0,l2,0.001,0.7048192771084337
1556,True,1.0,decay,1.0,40.0,l2,0.001,0.7048192771084337
1557,True,1.0,decay,10.0,40.0,l2,0.001,0.7063253012048193
1558,True,1.0,decay,40.0,40.0,l2,0.001,0.7033132530120482
1559,True,1.0,decay,60.0,40.0,l2,0.001,0.704066265060241
1560,True,1.0,decay,1.0,60.0,l2,0.001,0.7033132530120482
1561,True,1.0,decay,10.0,60.0,l2,0.001,0.7070783132530121
1562,True,1.0,decay,40.0,60.0,l2,0.001,0.7033132530120482
1563,True,1.0,decay,60.0,60.0,l2,0.001,0.7055722891566265
1564,True,1.0,decay,1.0,80.0,l2,0.001,0.7070783132530121
1565,True,1.0,decay,10.0,80.0,l2,0.001,0.7055722891566265
1566,True,1.0,decay,40.0,80.0,l2,0.001,0.704066265060241
1567,True,1.0,decay,60.0,80.0,l2,0.001,0.7063253012048193
1568,True,0.5,const,1.0,10.0,l2,0.001,0.704066265060241
1569,True,0.5,const,10.0,10.0,l2,0.001,0.7003012048192772
1570,True,0.5,const,40.0,10.0,l2,0.001,0.6242469879518072
1571,True,0.5,const,60.0,10.0,l2,0.001,0.6362951807228916
1572,True,0.5,const,1.0,40.0,l2,0.001,0.697289156626506
1573,True,0.5,const,10.0,40.0,l2,0.001,0.6746987951807228
1574,True,0.5,const,40.0,40.0,l2,0.001,0.6656626506024096
1575,True,0.5,const,60.0,40.0,l2,0.001,0.6920180722891566
1576,True,0.5,const,1.0,60.0,l2,0.001,0.7010542168674698
1577,True,0.5,const,10.0,60.0,l2,0.001,0.7025602409638554
1578,True,0.5,const,40.0,60.0,l2,0.001,0.6724397590361446
1579,True,0.5,const,60.0,60.0,l2,0.001,0.697289156626506
1580,True,0.5,const,1.0,80.0,l2,0.001,0.6859939759036144
1581,True,0.5,const,10.0,80.0,l2,0.001,0.6950301204819277
1582,True,0.5,const,40.0,80.0,l2,0.001,0.7048192771084337
1583,True,0.5,const,60.0,80.0,l2,0.001,0.7063253012048193
1584,True,0.5,decay,1.0,10.0,l2,0.001,0.6724397590361446
1585,True,0.5,decay,10.0,10.0,l2,0.001,0.7003012048192772
1586,True,0.5,decay,40.0,10.0,l2,0.001,0.7055722891566265
1587,True,0.5,decay,60.0,10.0,l2,0.001,0.7078313253012049
1588,True,0.5,decay,1.0,40.0,l2,0.001,0.7003012048192772
1589,True,0.5,decay,10.0,40.0,l2,0.001,0.7063253012048193
1590,True,0.5,decay,40.0,40.0,l2,0.001,0.7055722891566265
1591,True,0.5,decay,60.0,40.0,l2,0.001,0.7070783132530121
1592,True,0.5,decay,1.0,60.0,l2,0.001,0.6859939759036144
1593,True,0.5,decay,10.0,60.0,l2,0.001,0.7055722891566265
1594,True,0.5,decay,40.0,60.0,l2,0.001,0.7093373493975904
1595,True,0.5,decay,60.0,60.0,l2,0.001,0.7078313253012049
1596,True,0.5,decay,1.0,80.0,l2,0.001,0.6927710843373494
1597,True,0.5,decay,10.0,80.0,l2,0.001,0.7078313253012049
1598,True,0.5,decay,40.0,80.0,l2,0.001,0.7055722891566265
1599,True,0.5,decay,60.0,80.0,l2,0.001,0.7070783132530121
1600,True,0.1,const,1.0,10.0,l2,0.001,0.6935240963855421
1601,True,0.1,const,10.0,10.0,l2,0.001,0.7108433734939759
1602,True,0.1,const,40.0,10.0,l2,0.001,0.6980421686746988
1603,True,0.1,const,60.0,10.0,l2,0.001,0.7018072289156626
1604,True,0.1,const,1.0,40.0,l2,0.001,0.6814759036144579
1605,True,0.1,const,10.0,40.0,l2,0.001,0.7055722891566265
1606,True,0.1,const,40.0,40.0,l2,0.001,0.7025602409638554
1607,True,0.1,const,60.0,40.0,l2,0.001,0.7033132530120482
1608,True,0.1,const,1.0,60.0,l2,0.001,0.6724397590361446
1609,True,0.1,const,10.0,60.0,l2,0.001,0.7025602409638554
1610,True,0.1,const,40.0,60.0,l2,0.001,0.704066265060241
1611,True,0.1,const,60.0,60.0,l2,0.001,0.6995481927710844
1612,True,0.1,const,1.0,80.0,l2,0.001,0.651355421686747
1613,True,0.1,const,10.0,80.0,l2,0.001,0.697289156626506
1614,True,0.1,const,40.0,80.0,l2,0.001,0.7115963855421686
1615,True,0.1,const,60.0,80.0,l2,0.001,0.7063253012048193
1616,True,0.1,decay,1.0,10.0,l2,0.001,0.7055722891566265
1617,True,0.1,decay,10.0,10.0,l2,0.001,0.7018072289156626
1618,True,0.1,decay,40.0,10.0,l2,0.001,0.7025602409638554
1619,True,0.1,decay,60.0,10.0,l2,0.001,0.7070783132530121
1620,True,0.1,decay,1.0,40.0,l2,0.001,0.6875
1621,True,0.1,decay,10.0,40.0,l2,0.001,0.7033132530120482
1622,True,0.1,decay,40.0,40.0,l2,0.001,0.7070783132530121
1623,True,0.1,decay,60.0,40.0,l2,0.001,0.7033132530120482
1624,True,0.1,decay,1.0,60.0,l2,0.001,0.6694277108433735
1625,True,0.1,decay,10.0,60.0,l2,0.001,0.6935240963855421
1626,True,0.1,decay,40.0,60.0,l2,0.001,0.7078313253012049
1627,True,0.1,decay,60.0,60.0,l2,0.001,0.7055722891566265
1628,True,0.1,decay,1.0,80.0,l2,0.001,0.6739457831325302
1629,True,0.1,decay,10.0,80.0,l2,0.001,0.6980421686746988
1630,True,0.1,decay,40.0,80.0,l2,0.001,0.7025602409638554
1631,True,0.1,decay,60.0,80.0,l2,0.001,0.7070783132530121
1632,True,0.01,const,1.0,10.0,l2,0.001,0.6596385542168675
1633,True,0.01,const,10.0,10.0,l2,0.001,0.6882530120481928
1634,True,0.01,const,40.0,10.0,l2,0.001,0.7063253012048193
1635,True,0.01,const,60.0,10.0,l2,0.001,0.7070783132530121
1636,True,0.01,const,1.0,40.0,l2,0.001,0.6370481927710844
1637,True,0.01,const,10.0,40.0,l2,0.001,0.6829819277108434
1638,True,0.01,const,40.0,40.0,l2,0.001,0.6905120481927711
1639,True,0.01,const,60.0,40.0,l2,0.001,0.6935240963855421
1640,True,0.01,const,1.0,60.0,l2,0.001,0.5414156626506024
1641,True,0.01,const,10.0,60.0,l2,0.001,0.6739457831325302
1642,True,0.01,const,40.0,60.0,l2,0.001,0.6950301204819277
1643,True,0.01,const,60.0,60.0,l2,0.001,0.6905120481927711
1644,True,0.01,const,1.0,80.0,l2,0.001,0.5376506024096386
1645,True,0.01,const,10.0,80.0,l2,0.001,0.6671686746987951
1646,True,0.01,const,40.0,80.0,l2,0.001,0.697289156626506
1647,True,0.01,const,60.0,80.0,l2,0.001,0.6950301204819277
1648,True,0.01,decay,1.0,10.0,l2,0.001,0.6671686746987951
1649,True,0.01,decay,10.0,10.0,l2,0.001,0.6995481927710844
1650,True,0.01,decay,40.0,10.0,l2,0.001,0.7055722891566265
1651,True,0.01,decay,60.0,10.0,l2,0.001,0.7063253012048193
1652,True,0.01,decay,1.0,40.0,l2,0.001,0.6129518072289156
1653,True,0.01,decay,10.0,40.0,l2,0.001,0.6882530120481928
1654,True,0.01,decay,40.0,40.0,l2,0.001,0.6942771084337349
1655,True,0.01,decay,60.0,40.0,l2,0.001,0.697289156626506
1656,True,0.01,decay,1.0,60.0,l2,0.001,0.5436746987951807
1657,True,0.01,decay,10.0,60.0,l2,0.001,0.6746987951807228
1658,True,0.01,decay,40.0,60.0,l2,0.001,0.6927710843373494
1659,True,0.01,decay,60.0,60.0,l2,0.001,0.6950301204819277
1660,True,0.01,decay,1.0,80.0,l2,0.001,0.5594879518072289
1661,True,0.01,decay,10.0,80.0,l2,0.001,0.6641566265060241
1662,True,0.01,decay,40.0,80.0,l2,0.001,0.6950301204819277
1663,True,0.01,decay,60.0,80.0,l2,0.001,0.697289156626506
1664,True,1.0,const,1.0,10.0,none,0.0,0.6490963855421686
1665,True,1.0,const,10.0,10.0,none,0.0,0.6626506024096386
1666,True,1.0,const,40.0,10.0,none,0.0,0.5534638554216867
1667,True,1.0,const,60.0,10.0,none,0.0,0.5670180722891566
1668,True,1.0,const,1.0,40.0,none,0.0,0.6935240963855421
1669,True,1.0,const,10.0,40.0,none,0.0,0.6987951807228916
1670,True,1.0,const,40.0,40.0,none,0.0,0.7033132530120482
1671,True,1.0,const,60.0,40.0,none,0.0,0.7010542168674698
1672,True,1.0,const,1.0,60.0,none,0.0,0.6731927710843374
1673,True,1.0,const,10.0,60.0,none,0.0,0.7123493975903614
1674,True,1.0,const,40.0,60.0,none,0.0,0.5858433734939759
1675,True,1.0,const,60.0,60.0,none,0.0,0.5768072289156626
1676,True,1.0,const,1.0,80.0,none,0.0,0.6031626506024096
1677,True,1.0,const,10.0,80.0,none,0.0,0.7115963855421686
1678,True,1.0,const,40.0,80.0,none,0.0,0.6596385542168675
1679,True,1.0,const,60.0,80.0,none,0.0,0.7070783132530121
1680,True,1.0,decay,1.0,10.0,none,0.0,0.6664156626506024
1681,True,1.0,decay,10.0,10.0,none,0.0,0.6807228915662651
1682,True,1.0,decay,40.0,10.0,none,0.0,0.7078313253012049
1683,True,1.0,decay,60.0,10.0,none,0.0,0.7055722891566265
1684,True,1.0,decay,1.0,40.0,none,0.0,0.704066265060241
1685,True,1.0,decay,10.0,40.0,none,0.0,0.7070783132530121
1686,True,1.0,decay,40.0,40.0,none,0.0,0.7048192771084337
1687,True,1.0,decay,60.0,40.0,none,0.0,0.7078313253012049
1688,True,1.0,decay,1.0,60.0,none,0.0,0.7018072289156626
1689,True,1.0,decay,10.0,60.0,none,0.0,0.7108433734939759
1690,True,1.0,decay,40.0,60.0,none,0.0,0.7100903614457831
1691,True,1.0,decay,60.0,60.0,none,0.0,0.7085843373493976
1692,True,1.0,decay,1.0,80.0,none,0.0,0.7070783132530121
1693,True,1.0,decay,10.0,80.0,none,0.0,0.7093373493975904
1694,True,1.0,decay,40.0,80.0,none,0.0,0.7055722891566265
1695,True,1.0,decay,60.0,80.0,none,0.0,0.7085843373493976
1696,True,0.5,const,1.0,10.0,none,0.0,0.7048192771084337
1697,True,0.5,const,10.0,10.0,none,0.0,0.697289156626506
1698,True,0.5,const,40.0,10.0,none,0.0,0.6204819277108434
1699,True,0.5,const,60.0,10.0,none,0.0,0.6453313253012049
1700,True,0.5,const,1.0,40.0,none,0.0,0.6897590361445783
1701,True,0.5,const,10.0,40.0,none,0.0,0.6641566265060241
1702,True,0.5,const,40.0,40.0,none,0.0,0.6746987951807228
1703,True,0.5,const,60.0,40.0,none,0.0,0.6905120481927711
1704,True,0.5,const,1.0,60.0,none,0.0,0.6987951807228916
1705,True,0.5,const,10.0,60.0,none,0.0,0.7055722891566265
1706,True,0.5,const,40.0,60.0,none,0.0,0.6980421686746988
1707,True,0.5,const,60.0,60.0,none,0.0,0.7018072289156626
1708,True,0.5,const,1.0,80.0,none,0.0,0.6897590361445783
1709,True,0.5,const,10.0,80.0,none,0.0,0.6965361445783133
1710,True,0.5,const,40.0,80.0,none,0.0,0.7063253012048193
1711,True,0.5,const,60.0,80.0,none,0.0,0.7100903614457831
1712,True,0.5,decay,1.0,10.0,none,0.0,0.6641566265060241
1713,True,0.5,decay,10.0,10.0,none,0.0,0.7033132530120482
1714,True,0.5,decay,40.0,10.0,none,0.0,0.7108433734939759
1715,True,0.5,decay,60.0,10.0,none,0.0,0.7063253012048193
1716,True,0.5,decay,1.0,40.0,none,0.0,0.7003012048192772
1717,True,0.5,decay,10.0,40.0,none,0.0,0.7100903614457831
1718,True,0.5,decay,40.0,40.0,none,0.0,0.7093373493975904
1719,True,0.5,decay,60.0,40.0,none,0.0,0.7093373493975904
1720,True,0.5,decay,1.0,60.0,none,0.0,0.6867469879518072
1721,True,0.5,decay,10.0,60.0,none,0.0,0.7093373493975904
1722,True,0.5,decay,40.0,60.0,none,0.0,0.7108433734939759
1723,True,0.5,decay,60.0,60.0,none,0.0,0.7100903614457831
1724,True,0.5,decay,1.0,80.0,none,0.0,0.6920180722891566
1725,True,0.5,decay,10.0,80.0,none,0.0,0.7108433734939759
1726,True,0.5,decay,40.0,80.0,none,0.0,0.7093373493975904
1727,True,0.5,decay,60.0,80.0,none,0.0,0.7100903614457831
1728,True,0.1,const,1.0,10.0,none,0.0,0.6927710843373494
1729,True,0.1,const,10.0,10.0,none,0.0,0.7131024096385542
1730,True,0.1,const,40.0,10.0,none,0.0,0.7033132530120482
1731,True,0.1,const,60.0,10.0,none,0.0,0.7131024096385542
1732,True,0.1,const,1.0,40.0,none,0.0,0.677710843373494
1733,True,0.1,const,10.0,40.0,none,0.0,0.7048192771084337
1734,True,0.1,const,40.0,40.0,none,0.0,0.7033132530120482
1735,True,0.1,const,60.0,40.0,none,0.0,0.7078313253012049
1736,True,0.1,const,1.0,60.0,none,0.0,0.6686746987951807
1737,True,0.1,const,10.0,60.0,none,0.0,0.7010542168674698
1738,True,0.1,const,40.0,60.0,none,0.0,0.7100903614457831
1739,True,0.1,const,60.0,60.0,none,0.0,0.6987951807228916
1740,True,0.1,const,1.0,80.0,none,0.0,0.651355421686747
1741,True,0.1,const,10.0,80.0,none,0.0,0.6965361445783133
1742,True,0.1,const,40.0,80.0,none,0.0,0.7108433734939759
1743,True,0.1,const,60.0,80.0,none,0.0,0.7078313253012049
1744,True,0.1,decay,1.0,10.0,none,0.0,0.7070783132530121
1745,True,0.1,decay,10.0,10.0,none,0.0,0.7003012048192772
1746,True,0.1,decay,40.0,10.0,none,0.0,0.7063253012048193
1747,True,0.1,decay,60.0,10.0,none,0.0,0.7048192771084337
1748,True,0.1,decay,1.0,40.0,none,0.0,0.6897590361445783
1749,True,0.1,decay,10.0,40.0,none,0.0,0.7048192771084337
1750,True,0.1,decay,40.0,40.0,none,0.0,0.7070783132530121
1751,True,0.1,decay,60.0,40.0,none,0.0,0.7115963855421686
1752,True,0.1,decay,1.0,60.0,none,0.0,0.6679216867469879
1753,True,0.1,decay,10.0,60.0,none,0.0,0.6950301204819277
1754,True,0.1,decay,40.0,60.0,none,0.0,0.7115963855421686
1755,True,0.1,decay,60.0,60.0,none,0.0,0.7100903614457831
1756,True,0.1,decay,1.0,80.0,none,0.0,0.6754518072289156
1757,True,0.1,decay,10.0,80.0,none,0.0,0.697289156626506
1758,True,0.1,decay,40.0,80.0,none,0.0,0.7018072289156626
1759,True,0.1,decay,60.0,80.0,none,0.0,0.7100903614457831
1760,True,0.01,const,1.0,10.0,none,0.0,0.6573795180722891
1761,True,0.01,const,10.0,10.0,none,0.0,0.6905120481927711
1762,True,0.01,const,40.0,10.0,none,0.0,0.7078313253012049
1763,True,0.01,const,60.0,10.0,none,0.0,0.7078313253012049
1764,True,0.01,const,1.0,40.0,none,0.0,0.6385542168674698
1765,True,0.01,const,10.0,40.0,none,0.0,0.6852409638554217
1766,True,0.01,const,40.0,40.0,none,0.0,0.6927710843373494
1767,True,0.01,const,60.0,40.0,none,0.0,0.6935240963855421
1768,True,0.01,const,1.0,60.0,none,0.0,0.536144578313253
1769,True,0.01,const,10.0,60.0,none,0.0,0.6724397590361446
1770,True,0.01,const,40.0,60.0,none,0.0,0.6987951807228916
1771,True,0.01,const,60.0,60.0,none,0.0,0.6927710843373494
1772,True,0.01,const,1.0,80.0,none,0.0,0.5308734939759037
1773,True,0.01,const,10.0,80.0,none,0.0,0.6664156626506024
1774,True,0.01,const,40.0,80.0,none,0.0,0.6980421686746988
1775,True,0.01,const,60.0,80.0,none,0.0,0.697289156626506
1776,True,0.01,decay,1.0,10.0,none,0.0,0.6679216867469879
1777,True,0.01,decay,10.0,10.0,none,0.0,0.7010542168674698
1778,True,0.01,decay,40.0,10.0,none,0.0,0.7093373493975904
1779,True,0.01,decay,60.0,10.0,none,0.0,0.7123493975903614
1780,True,0.01,decay,1.0,40.0,none,0.0,0.6054216867469879
1781,True,0.01,decay,10.0,40.0,none,0.0,0.6875
1782,True,0.01,decay,40.0,40.0,none,0.0,0.6965361445783133
1783,True,0.01,decay,60.0,40.0,none,0.0,0.6950301204819277
1784,True,0.01,decay,1.0,60.0,none,0.0,0.5406626506024096
1785,True,0.01,decay,10.0,60.0,none,0.0,0.6716867469879518
1786,True,0.01,decay,40.0,60.0,none,0.0,0.6957831325301205
1787,True,0.01,decay,60.0,60.0,none,0.0,0.6950301204819277
1788,True,0.01,decay,1.0,80.0,none,0.0,0.552710843373494
1789,True,0.01,decay,10.0,80.0,none,0.0,0.6588855421686747
1790,True,0.01,decay,40.0,80.0,none,0.0,0.7003012048192772
1791,True,0.01,decay,60.0,80.0,none,0.0,0.7003012048192772
